Date,Adj Close,Close,High,Low,Open,Volume
2020-01-02 00:00:00+00:00,302.2085876,324.8699951,324.8900146,322.5299988,323.5400085,59151200
2020-01-03 00:00:00+00:00,299.9201355,322.4100037,323.6400146,321.1000061,321.1600037,77709700
2020-01-06 00:00:00+00:00,301.0644531,323.6400146,323.730011,320.3599854,320.4899902,55653900
2020-01-07 00:00:00+00:00,300.2178955,322.730011,323.5400085,322.2399902,323.019989,40496400
2020-01-08 00:00:00+00:00,301.8179932,324.4500122,325.7799988,322.6700134,322.9400024,68296000
2020-01-09 00:00:00+00:00,303.8644409,326.6499939,326.730011,325.519989,326.1600037,48473300
2020-01-10 00:00:00+00:00,302.9899902,325.7099915,327.4599915,325.2000122,327.2900085,53029300
2020-01-13 00:00:00+00:00,305.0737915,327.9500122,327.9599915,325.9200134,326.3900146,47086800
2020-01-14 00:00:00+00:00,304.6087341,327.4500122,328.6199951,326.8399963,327.4700012,62832800
2020-01-15 00:00:00+00:00,305.2970276,328.1900024,329.019989,327.2600098,327.3500061,72056600
2020-01-16 00:00:00+00:00,307.8365784,330.9200134,330.9200134,329.4500122,329.7000122,54050300
2020-01-17 00:00:00+00:00,308.7947388,331.9500122,332.1799927,330.8500061,331.7000122,95846000
2020-01-21 00:00:00+00:00,308.1901245,331.2999878,332.1799927,330.8200073,330.8999939,77742400
2020-01-22 00:00:00+00:00,308.2273865,331.3399963,332.9500122,331.1700134,332.2399902,48914900
2020-01-23 00:00:00+00:00,308.58078,331.7200012,332.1700134,329.4100037,330.6300049,51963000
2020-01-24 00:00:00+00:00,305.8365479,328.769989,332.5299988,327.3599854,332.4400024,87578400
2020-01-27 00:00:00+00:00,300.9342346,323.5,325.1199951,322.6600037,323.0299988,84062500
2020-01-28 00:00:00+00:00,304.087738,326.8900146,327.8500061,323.6000061,325.0599976,63834000
2020-01-29 00:00:00+00:00,303.8365479,326.6199951,328.6300049,326.3999939,328.3800049,53888900
2020-01-30 00:00:00+00:00,304.8226624,327.6799927,327.9100037,323.5400085,324.3599854,75491800
2020-01-31 00:00:00+00:00,299.2876282,321.730011,327.1700134,320.730011,327,113845600
2020-02-03 00:00:00+00:00,301.5109558,324.1199951,326.1600037,323.2200012,323.3500061,69083000
2020-02-04 00:00:00+00:00,306.1063232,329.0599976,330.0100098,327.7200012,328.0700073,62573200
2020-02-05 00:00:00+00:00,309.6412659,332.8599854,333.0899963,330.6700134,332.269989,65951100
2020-02-06 00:00:00+00:00,310.6832275,333.980011,334.1900024,332.7999878,333.9100037,50359700
2020-02-07 00:00:00+00:00,309.0273438,332.2000122,333.9899902,331.6000061,332.8200073,64139400
2020-02-10 00:00:00+00:00,311.3343506,334.6799927,334.75,331.1900024,331.230011,42070000
2020-02-11 00:00:00+00:00,311.8739319,335.2600098,337.019989,334.6799927,336.1600037,54864500
2020-02-12 00:00:00+00:00,313.8831482,337.4200134,337.6499939,336.4299927,336.8299866,43992700
2020-02-13 00:00:00+00:00,313.5483093,337.0599976,338.1199951,335.5599976,335.8599854,54501900
2020-02-14 00:00:00+00:00,314.0506592,337.6000061,337.730011,336.2000122,337.5100098,64582200
2020-02-18 00:00:00+00:00,313.2413635,336.730011,337.6700134,335.2099915,336.5100098,57226200
2020-02-19 00:00:00+00:00,314.7390442,338.3399963,339.0799866,337.480011,337.7900085,48814700
2020-02-20 00:00:00+00:00,313.4460144,336.9500122,338.6400146,333.6799927,337.7399902,74163400
2020-02-21 00:00:00+00:00,310.2180176,333.480011,335.8099976,332.5799866,335.4700012,113788200
2020-02-24 00:00:00+00:00,299.9295349,322.4200134,333.5599976,321.2399902,323.1400146,161088400
2020-02-25 00:00:00+00:00,290.8409729,312.6499939,324.6099854,311.6900024,323.9400024,218913200
2020-02-26 00:00:00+00:00,289.7713013,311.5,318.1099854,310.7000122,314.1799927,194773800
2020-02-27 00:00:00+00:00,276.7571716,297.5100098,311.5599976,297.5100098,305.4599915,284353500
2020-02-28 00:00:00+00:00,275.5943298,296.2600098,297.8900146,285.5400085,288.7000122,384975800
2020-03-02 00:00:00+00:00,287.5293579,309.0899963,309.1600037,294.4599915,298.2099915,238703600
2020-03-03 00:00:00+00:00,279.2966309,300.2399902,313.8399963,297.5700073,309.5,300139100
2020-03-04 00:00:00+00:00,291.0363464,312.8599854,313.1000061,303.3299866,306.1199951,176613400
2020-03-05 00:00:00+00:00,281.361908,302.4599915,308.4700012,300.0100098,304.980011,186366800
2020-03-06 00:00:00+00:00,276.7106018,297.4599915,298.7799988,290.230011,293.1499939,228667200
2020-03-09 00:00:00+00:00,255.1009827,274.230011,284.1900024,273.4500122,275.2999878,309417300
2020-03-10 00:00:00+00:00,268.301239,288.4200134,288.519989,273.5,284.6400146,276444100
2020-03-11 00:00:00+00:00,255.2219543,274.3599854,281.9400024,270.8800049,280.7000122,255316300
2020-03-12 00:00:00+00:00,230.8030548,248.1100006,266.6600037,247.6799927,256,392220700
2020-03-13 00:00:00+00:00,250.5335541,269.3200073,271.480011,248.5200043,263.0899963,329566100
2020-03-16 00:00:00+00:00,223.1192017,239.8500061,256.8999939,237.3600006,241.1799927,297240000
2020-03-17 00:00:00+00:00,235.1659088,252.8000031,256.1700134,237.0700073,245.0399933,262070500
2020-03-18 00:00:00+00:00,223.2587585,240,248.3699951,228.0200043,236.25,327597100
2020-03-19 00:00:00+00:00,223.7331848,240.5099945,247.3800049,232.2200012,239.25,289322000
2020-03-20 00:00:00+00:00,214.0915833,228.8000031,244.4700012,228.5,242.5299988,347158800
2020-03-23 00:00:00+00:00,208.6176453,222.9499969,229.6799927,218.2599945,228.1900024,326025200
2020-03-24 00:00:00+00:00,227.5190735,243.1499939,244.1000061,233.8000031,234.4199982,235494500
2020-03-25 00:00:00+00:00,230.9250946,246.7899933,256.3500061,239.75,244.8699951,299430300
2020-03-26 00:00:00+00:00,244.408783,261.2000122,262.7999878,249.0500031,249.5200043,257632800
2020-03-27 00:00:00+00:00,237.1288605,253.4199982,260.8099976,251.0500031,253.2700043,224341200
2020-03-30 00:00:00+00:00,244.8298187,261.6499939,262.4299927,253.5299988,255.6999969,171369500
2020-03-31 00:00:00+00:00,241.1805267,257.75,263.3299866,256.2200012,260.5599976,194881100
2020-04-01 00:00:00+00:00,230.3262177,246.1499939,257.6600037,243.8999939,247.9799957,189554600
2020-04-02 00:00:00+00:00,235.641098,251.8300018,252.6799927,244.5899963,245.1900024,177660400
2020-04-03 00:00:00+00:00,232.2350769,248.1900024,253.3200073,245.2200012,250.7599945,135561200
2020-04-06 00:00:00+00:00,247.8334503,264.8599854,267,248.1699982,257.8399963,188061200
2020-04-07 00:00:00+00:00,248.0860596,265.1300049,275.0299988,264.8900146,274.2099915,201427200
2020-04-08 00:00:00+00:00,256.4139099,274.0299988,276,265.25,267.9599915,153774500
2020-04-09 00:00:00+00:00,260.3159485,278.2000122,281.2000122,275.4700012,277.5799866,189999200
2020-04-13 00:00:00+00:00,257.9392395,275.6600037,277.5100098,271.4100037,277.1400146,114839100
2020-04-14 00:00:00+00:00,265.5465698,283.7900085,284.8999939,275.5100098,280.980011,134143400
2020-04-15 00:00:00+00:00,259.9042053,277.7600098,283.9400024,275.4599915,277.5700073,121775000
2020-04-16 00:00:00+00:00,261.1580811,279.1000061,280.0299988,275.7600098,279.1499939,131798300
2020-04-17 00:00:00+00:00,268.2132874,286.6400146,287.2999878,282.3999939,285.3800049,146684800
2020-04-20 00:00:00+00:00,263.487915,281.5899963,286.7900085,281.3500061,282.6099854,100109300
2020-04-21 00:00:00+00:00,255.4876251,273.0400085,278.0400085,272.019989,276.730011,126385700
2020-04-22 00:00:00+00:00,261.1580811,279.1000061,281,276.9100037,278.3500061,92951600
2020-04-23 00:00:00+00:00,261.1392822,279.0799866,283.9400024,278.75,280.4899902,104709700
2020-04-24 00:00:00+00:00,264.7792969,282.9700012,283.7000122,278.5,280.730011,85063200
2020-04-27 00:00:00+00:00,268.5969543,287.0499878,288.269989,284.6199951,285.1199951,77896600
2020-04-28 00:00:00+00:00,267.3618164,285.730011,291.3999939,285.3999939,291.019989,105270000
2020-04-29 00:00:00+00:00,274.3609314,293.2099915,294.8800049,290.4100037,291.5299988,118745600
2020-04-30 00:00:00+00:00,271.8064575,290.480011,293.3200073,288.5899963,291.7099915,122901700
2020-05-01 00:00:00+00:00,264.6108398,282.7900085,290.6600037,281.519989,285.3099976,125180000
2020-05-04 00:00:00+00:00,265.3407593,283.5700073,283.8999939,279.1300049,280.7399902,80873200
2020-05-05 00:00:00+00:00,267.7922974,286.1900024,289.25,283.7099915,286.6400146,79569900
2020-05-06 00:00:00+00:00,265.9769897,284.25,288.4599915,283.7799988,288.0400085,73632600
2020-05-07 00:00:00+00:00,269.1864319,287.6799927,289.7799988,287.1300049,287.75,75250400
2020-05-08 00:00:00+00:00,273.6405334,292.4400024,292.9500122,289.8599854,291.0899963,76452400
2020-05-11 00:00:00+00:00,273.6965942,292.5,294,289.8800049,290.3399963,79514200
2020-05-12 00:00:00+00:00,268.2414551,286.6700134,294.2399902,286.519989,293.7900085,95870800
2020-05-13 00:00:00+00:00,263.4973755,281.6000061,287.1900024,278.9599915,286.0599976,144721100
2020-05-14 00:00:00+00:00,266.6506958,284.9700012,285.1099854,272.9899902,278.9500122,121977900
2020-05-15 00:00:00+00:00,267.8764648,286.2799988,286.3299866,281.3399963,282.3699951,111146300
2020-05-18 00:00:00+00:00,276.0358887,295,296.75,292.7000122,293.0499878,119703800
2020-05-19 00:00:00+00:00,273.2006836,291.9700012,296.2099915,291.9500122,294.3500061,95189300
2020-05-20 00:00:00+00:00,277.8417969,296.9299927,297.8699951,295.5700073,295.8200073,85861700
2020-05-21 00:00:00+00:00,275.9235535,294.8800049,297.6700134,293.6900024,296.7900085,78293900
2020-05-22 00:00:00+00:00,276.4476318,295.4400024,295.6300049,293.2200012,294.5700073,63958200
2020-05-26 00:00:00+00:00,279.8535156,299.0799866,302.1900024,295.4599915,301.9299927,88951400
2020-05-27 00:00:00+00:00,284.0175781,303.5299988,303.5700073,296.8699951,302.1199951,104817400
2020-05-28 00:00:00+00:00,283.4934998,302.9700012,306.8399963,302.2399902,304.6499939,90405200
2020-05-29 00:00:00+00:00,284.7567444,304.3200073,304.9599915,299.4700012,302.4599915,119090800
2020-06-01 00:00:00+00:00,285.9077148,305.5499878,306.2099915,303.0599976,303.6199951,55758300
2020-06-02 00:00:00+00:00,288.2750244,308.0799866,308.1300049,305.1000061,306.5499878,74267200
2020-06-03 00:00:00+00:00,292.1114807,312.1799927,313.2200012,309.9400024,310.2399902,92567600
2020-06-04 00:00:00+00:00,291.3442383,311.3599854,313,309.0799866,311.1099854,75794400
2020-06-05 00:00:00+00:00,298.8111572,319.3399963,321.269989,317.1600037,317.230011,150524700
2020-06-08 00:00:00+00:00,302.4230652,323.2000122,323.4100037,319.6300049,320.2200012,73641200
2020-06-09 00:00:00+00:00,300.1679688,320.7900085,323.2799988,319.3599854,320.2999878,77479200
2020-06-10 00:00:00+00:00,298.493042,319,322.3900146,318.2200012,321.4200134,95000800
2020-06-11 00:00:00+00:00,281.2851868,300.6099854,312.1499939,300.0100098,311.4599915,209243600
2020-06-12 00:00:00+00:00,284.6538391,304.2099915,309.0799866,298.6000061,308.2399902,194678900
2020-06-15 00:00:00+00:00,287.3113098,307.0499878,308.2799988,296.7399902,298.019989,135782700
2020-06-16 00:00:00+00:00,292.8412781,312.9599915,315.6400146,307.6700134,315.480011,137627500
2020-06-17 00:00:00+00:00,291.6249084,311.6600037,314.3900146,310.8599854,314.0700073,83398900
2020-06-18 00:00:00+00:00,291.7371826,311.7799988,312.2999878,309.5100098,310.0100098,80828700
2020-06-19 00:00:00+00:00,290.0699463,308.6400146,314.3800049,306.5299988,314.1700134,135549600
2020-06-22 00:00:00+00:00,291.9308167,310.6199951,311.0499878,306.75,307.9899902,74649400
2020-06-23 00:00:00+00:00,293.2747498,312.0499878,314.5,311.6099854,313.4899902,68471200
2020-06-24 00:00:00+00:00,285.7937317,304.0899963,310.5100098,302.1000061,309.8399963,132813500
2020-06-25 00:00:00+00:00,288.8575134,307.3500061,307.6400146,301.2799988,303.4700012,89468000
2020-06-26 00:00:00+00:00,281.9967957,300.0499878,306.3900146,299.4200134,306.1600037,127961000
2020-06-29 00:00:00+00:00,286.1414185,304.4599915,304.6099854,298.9299927,301.4100037,79773300
2020-06-30 00:00:00+00:00,289.8067017,308.3599854,310.2000122,303.8200073,303.9899902,113394800
2020-07-01 00:00:00+00:00,291.836792,310.519989,311.8900146,309.0700073,309.5700073,72396500
2020-07-02 00:00:00+00:00,293.4438782,312.230011,315.7000122,311.5100098,314.2399902,69344200
2020-07-06 00:00:00+00:00,297.9739075,317.0499878,317.6799927,315.5599976,316.3699951,61713800
2020-07-07 00:00:00+00:00,294.9006653,313.7799988,317.519989,313.3699951,315.3800049,82910000
2020-07-08 00:00:00+00:00,297.15625,316.1799927,316.2999878,312.7000122,314.6099854,54638600
2020-07-09 00:00:00+00:00,295.4645691,314.3800049,317.1000061,310.6799927,316.8399963,83354200
2020-07-10 00:00:00+00:00,298.4814453,317.5899963,317.8800049,312.7600098,314.3099976,57550400
2020-07-13 00:00:00+00:00,295.8969116,314.8399963,322.7099915,314.1300049,320.1300049,102997500
2020-07-14 00:00:00+00:00,299.7313538,318.9200134,319.7600098,312,313.2999878,93657000
2020-07-15 00:00:00+00:00,302.4850769,321.8500061,323.0400085,319.269989,322.4100037,87196500
2020-07-16 00:00:00+00:00,301.4889221,320.7900085,321.2799988,319.0899963,319.7900085,54622500
2020-07-17 00:00:00+00:00,302.3630066,321.7200012,322.5700073,319.7399902,321.8800049,62774900
2020-07-20 00:00:00+00:00,304.8065186,324.3200073,325.1300049,320.6199951,321.4299927,56308800
2020-07-21 00:00:00+00:00,305.4550781,325.0100098,326.9299927,323.9400024,326.4500122,57292200
2020-07-22 00:00:00+00:00,307.1937256,326.8599854,327.2000122,324.5,324.6199951,57792900
2020-07-23 00:00:00+00:00,303.5283813,322.9599915,327.230011,321.480011,326.4700012,75738000
2020-07-24 00:00:00+00:00,301.5735168,320.8800049,321.9899902,319.25,320.9500122,73766600
2020-07-27 00:00:00+00:00,303.7727356,323.2200012,323.4100037,320.769989,321.6300049,48293000
2020-07-28 00:00:00+00:00,301.8460999,321.1700134,323.6400146,320.8500061,322.4299927,57495000
2020-07-29 00:00:00+00:00,305.5583801,325.1199951,325.730011,322.0799866,322.1199951,48454200
2020-07-30 00:00:00+00:00,304.4681702,323.9599915,324.4100037,319.6400146,321.8999939,61861700
2020-07-31 00:00:00+00:00,306.874176,326.519989,326.6300049,321.3299866,325.8999939,84986800
2020-08-03 00:00:00+00:00,309.0075684,328.7900085,329.6199951,327.730011,328.3200073,53077900
2020-08-04 00:00:00+00:00,310.2011414,330.0599976,330.0599976,327.8599854,327.8599854,41917900
2020-08-05 00:00:00+00:00,312.1277771,332.1099854,332.3900146,331.1799927,331.4700012,42697700
2020-08-06 00:00:00+00:00,314.2142029,334.3299866,334.4599915,331.1300049,331.480011,43679400
2020-08-07 00:00:00+00:00,314.4397888,334.5700073,334.8800049,332.2999878,333.2799988,57308300
2020-08-10 00:00:00+00:00,315.3796997,335.5700073,335.769989,332.9599915,335.0599976,44282100
2020-08-11 00:00:00+00:00,312.7763062,332.7999878,337.5400085,332.0100098,336.8500061,69601100
2020-08-12 00:00:00+00:00,317.1371765,337.4400024,338.2799988,335.4100037,335.4400024,53774400
2020-08-13 00:00:00+00:00,316.5637512,336.8299866,338.25,335.8299866,336.6099854,41816100
2020-08-14 00:00:00+00:00,316.5732422,336.8399963,337.4200134,335.6199951,336.4100037,47260400
2020-08-17 00:00:00+00:00,317.5788879,337.9100037,338.3399963,336.8500061,337.9400024,35481000
2020-08-18 00:00:00+00:00,318.2649536,338.6400146,339.1000061,336.6099854,338.3399963,38733900
2020-08-19 00:00:00+00:00,316.9397583,337.230011,339.6099854,336.6199951,339.0499878,68054200
2020-08-20 00:00:00+00:00,317.9265442,338.2799988,338.7999878,335.2200012,335.3599854,42207800
2020-08-21 00:00:00+00:00,319.0543823,339.480011,339.7200012,337.5499878,337.9200134,55106600
2020-08-24 00:00:00+00:00,322.287384,342.9200134,343,339.4500122,342.1199951,48588700
2020-08-25 00:00:00+00:00,323.4151611,344.1199951,344.2099915,342.269989,343.5299988,38463400
2020-08-26 00:00:00+00:00,326.6575928,347.5700073,347.8599854,344.1700134,344.7600098,50790200
2020-08-27 00:00:00+00:00,327.3718567,348.3299866,349.8999939,346.5299988,348.5100098,58034100
2020-08-28 00:00:00+00:00,329.4865417,350.5799866,350.7200012,348.1499939,349.4400024,48588900
2020-08-31 00:00:00+00:00,328.2929993,349.3099976,351.2999878,349.0599976,350.3500061,66099200
2020-09-01 00:00:00+00:00,331.3850098,352.6000061,352.7099915,349.2399902,350.2099915,54908700
2020-09-02 00:00:00+00:00,336.1781006,357.7000122,358.75,353.4299927,354.6700134,69540000
2020-09-03 00:00:00+00:00,324.6088562,345.3900146,356.3800049,342.5899963,355.8699951,148011100
2020-09-04 00:00:00+00:00,321.9584351,342.5700073,347.8299866,334.8699951,346.1300049,139156300
2020-09-08 00:00:00+00:00,313.1615906,333.2099915,342.6400146,332.8800049,336.7099915,114465300
2020-09-09 00:00:00+00:00,319.3457031,339.7900085,342.4599915,336.6099854,337.5499878,91462300
2020-09-10 00:00:00+00:00,313.8006897,333.8900146,342.5299988,332.8500061,341.8200073,90569500
2020-09-11 00:00:00+00:00,313.9605103,334.0599976,336.9700012,331,335.8200073,84680200
2020-09-14 00:00:00+00:00,318.0957336,338.4599915,340.3800049,334.2200012,337.4899902,65605700
2020-09-15 00:00:00+00:00,319.7028809,340.1700134,342.019989,338.4700012,341.1199951,52920900
2020-09-16 00:00:00+00:00,318.434082,338.8200073,343.0599976,338.519989,341.5100098,82096000
2020-09-17 00:00:00+00:00,315.6333923,335.8399963,337.7000122,332.9899902,333.5599976,91523300
2020-09-18 00:00:00+00:00,311.9995422,330.6499939,335.4899902,327.9700012,335.3699951,105877900
2020-09-21 00:00:00+00:00,308.5271912,326.9700012,327.1300049,321.730011,325.7000122,99450800
2020-09-22 00:00:00+00:00,311.6693115,330.2999878,330.8999939,325.8599854,328.5700073,63612100
2020-09-23 00:00:00+00:00,304.4414063,322.6400146,331.2000122,322.1000061,330.8999939,93112200
2020-09-24 00:00:00+00:00,305.2529297,323.5,326.7999878,319.7999878,321.2200012,76681300
2020-09-25 00:00:00+00:00,310.1878662,328.730011,329.5799866,321.6400146,322.5799866,71069400
2020-09-28 00:00:00+00:00,315.3399353,334.1900024,334.9599915,332.1499939,333.2200012,64584600
2020-09-29 00:00:00+00:00,313.6226196,332.3699951,334.769989,331.6199951,333.9700012,51304000
2020-09-30 00:00:00+00:00,316.0004272,334.8900146,338.2900085,332.8800049,333.0899963,104081100
2020-10-01 00:00:00+00:00,318.0291748,337.0400085,338.7399902,335.0100098,337.6900024,88698700
2020-10-02 00:00:00+00:00,315.0097046,333.8399963,337.0100098,331.1900024,331.7000122,89431100
2020-10-05 00:00:00+00:00,320.5957947,339.7600098,339.9599915,336.0100098,336.0599976,45713100
2020-10-06 00:00:00+00:00,316.0381775,334.9299927,342.1700134,334.3800049,339.9100037,90128900
2020-10-07 00:00:00+00:00,321.5393982,340.7600098,341.6300049,338.0899963,338.1199951,56999600
2020-10-08 00:00:00+00:00,324.3889771,343.7799988,343.8500061,341.8599854,342.8500061,45242500
2020-10-09 00:00:00+00:00,327.2857971,346.8500061,347.3500061,344.8900146,345.5599976,59528600
2020-10-12 00:00:00+00:00,332.5510864,352.4299927,354.019989,349.0599976,349.5899963,80388500
2020-10-13 00:00:00+00:00,330.3808289,350.1300049,352.4700012,349.0899963,352.2799988,73255500
2020-10-14 00:00:00+00:00,328.3048706,347.9299927,351.9299927,347.1400146,350.75,57727900
2020-10-15 00:00:00+00:00,327.8991394,347.5,348.019989,343.1300049,343.7099915,60357700
2020-10-16 00:00:00+00:00,327.7010193,347.2900085,350.75,347.1000061,348.9599915,89501900
2020-10-19 00:00:00+00:00,322.7188416,342.0100098,349.3299866,341.0400085,348.6499939,68425600
2020-10-20 00:00:00+00:00,324.0116272,343.3800049,346.8800049,342.6400146,343.4599915,60051900
2020-10-21 00:00:00+00:00,323.3982849,342.730011,345.6700134,342.3999939,343.3299866,63575000
2020-10-22 00:00:00+00:00,325.1721191,344.6099854,345.2399902,340.6499939,342.9599915,55399300
2020-10-23 00:00:00+00:00,326.2761841,345.7799988,345.9899902,343.1300049,345.9299927,49143900
2020-10-26 00:00:00+00:00,320.246582,339.3900146,342.980011,335.6199951,342.1300049,91473000
2020-10-27 00:00:00+00:00,319.1426086,338.2200012,340.1199951,337.9899902,339.7600098,65994100
2020-10-28 00:00:00+00:00,308.2347107,326.6600037,338.25,326.1300049,332.1000061,127094300
2020-10-29 00:00:00+00:00,311.3674011,329.980011,333.3999939,325.0899963,326.9100037,90597700
2020-10-30 00:00:00+00:00,308.1214294,326.5400085,329.6900024,322.6000061,328.2799988,120287300
2020-11-02 00:00:00+00:00,311.5749817,330.2000122,332.3599854,327.2399902,330.2000122,86068300
2020-11-03 00:00:00+00:00,317.0761108,336.0299988,338.25,330.2900085,333.6900024,93294200
2020-11-04 00:00:00+00:00,324.1625366,343.5400085,347.9400024,339.5899963,340.8599854,126959700
2020-11-05 00:00:00+00:00,330.4845886,350.2399902,352.1900024,348.8599854,349.2399902,82039700
2020-11-06 00:00:00+00:00,330.4090881,350.1600037,351.5100098,347.6499939,349.9299927,74973000
2020-11-09 00:00:00+00:00,334.5609131,354.5599976,364.3800049,354.0599976,363.9700012,172304200
2020-11-10 00:00:00+00:00,334.0702515,354.0400085,355.1799927,350.5100098,353.4899902,85552000
2020-11-11 00:00:00+00:00,336.5519714,356.6700134,357.5599976,355.0599976,356.3999939,58649000
2020-11-12 00:00:00+00:00,333.2870789,353.2099915,356.7200012,351.2600098,355.5799866,67546200
2020-11-13 00:00:00+00:00,337.9012756,358.1000061,358.8999939,354.7099915,355.269989,62892200
2020-11-16 00:00:00+00:00,342.1191101,362.5700073,362.7799988,359.5899963,360.980011,74541100
2020-11-17 00:00:00+00:00,340.2791138,360.6199951,361.9200134,358.3399963,359.9700012,66111000
2020-11-18 00:00:00+00:00,336.1839905,356.2799988,361.5,356.2399902,360.9100037,70591300
2020-11-19 00:00:00+00:00,337.5993652,357.7799988,358.1799927,354.1499939,355.6000061,59940900
2020-11-20 00:00:00+00:00,335.2875061,355.3299866,357.7200012,355.25,357.5,70417300
2020-11-23 00:00:00+00:00,337.2973633,357.4599915,358.8200073,354.8699951,357.2799988,63230600
2020-11-24 00:00:00+00:00,342.7323914,363.2200012,363.8099976,359.2900085,360.2099915,62415900
2020-11-25 00:00:00+00:00,342.2040405,362.6600037,363.1600037,361.480011,363.1300049,45330900
2020-11-27 00:00:00+00:00,343.157135,363.6700134,364.1799927,362.5799866,363.8399963,28514100
2020-11-30 00:00:00+00:00,341.6379089,362.0599976,363.1199951,359.1700134,362.8299866,83872700
2020-12-01 00:00:00+00:00,345.3745422,366.019989,367.6799927,364.9299927,365.5700073,74231400
2020-12-02 00:00:00+00:00,346.1011353,366.7900085,366.9599915,364.2000122,364.8200073,45927000
2020-12-03 00:00:00+00:00,346.0068054,366.6900024,368.1900024,365.5,366.6799927,62882000
2020-12-04 00:00:00+00:00,348.9885559,369.8500061,369.8500061,367.2200012,367.3200073,50749900
2020-12-07 00:00:00+00:00,348.2713928,369.0899963,369.6199951,367.7200012,369.019989,48944300
2020-12-08 00:00:00+00:00,349.2904663,370.1700134,370.7799988,367.6700134,367.7200012,42458900
2020-12-09 00:00:00+00:00,346.1576843,366.8500061,371.0499878,365.9500122,370.8800049,74098300
2020-12-10 00:00:00+00:00,346.0445557,366.730011,367.8599854,364.4299927,365.3699951,57735400
2020-12-11 00:00:00+00:00,345.6387024,366.2999878,366.7399902,363.2600098,364.8999939,57698600
2020-12-14 00:00:00+00:00,344.0912781,364.6600037,369.7999878,364.4700012,368.6400146,69216200
2020-12-15 00:00:00+00:00,348.7431335,369.5899963,369.5899963,365.9200134,367.3999939,63865300
2020-12-16 00:00:00+00:00,349.2904663,370.1700134,371.1600037,368.8699951,369.8200073,58420500
2020-12-17 00:00:00+00:00,351.2437744,372.2399902,372.4599915,371.0499878,371.9400024,64119500
2020-12-18 00:00:00+00:00,349.8412476,369.1799927,371.1499939,367.019989,370.9700012,136542300
2020-12-21 00:00:00+00:00,348.5903931,367.8599854,378.4599915,362.0299988,364.9700012,96386700
2020-12-22 00:00:00+00:00,348.0028687,367.2399902,368.3299866,366.0299988,368.2099915,47949000
2020-12-23 00:00:00+00:00,348.3155518,367.5700073,369.6199951,367.2200012,368.2799988,46201400
2020-12-24 00:00:00+00:00,349.6706543,369,369.0299988,367.4500122,368.0799866,26457900
2020-12-28 00:00:00+00:00,352.6745911,372.1700134,372.5899963,371.0700073,371.7399902,39000400
2020-12-29 00:00:00+00:00,352.00177,371.4599915,374,370.8299866,373.8099976,53680500
2020-12-30 00:00:00+00:00,352.5040588,371.9899902,373.1000061,371.5700073,372.3399963,49455300
2020-12-31 00:00:00+00:00,354.2950439,373.8800049,374.6600037,371.230011,371.7799988,78520700
2021-01-04 00:00:00+00:00,349.4716797,368.7900085,375.4500122,364.8200073,375.3099976,110210800
2021-01-05 00:00:00+00:00,351.8785706,371.3299866,372.5,368.0499878,368.1000061,66426200
2021-01-06 00:00:00+00:00,353.9822693,373.5499878,376.980011,369.1199951,369.7099915,107997700
2021-01-07 00:00:00+00:00,359.2415771,379.1000061,379.8999939,375.9100037,376.1000061,68766800
2021-01-08 00:00:00+00:00,361.2884216,381.2600098,381.4899902,377.1000061,380.5899963,71677200
2021-01-11 00:00:00+00:00,358.8530579,378.6900024,380.5799866,377.7200012,377.8500061,51034700
2021-01-12 00:00:00+00:00,358.928894,378.769989,379.8599854,376.3599854,378.8900146,52547700
2021-01-13 00:00:00+00:00,359.8954468,379.7900085,380.8599854,377.8500061,378.6900024,45303600
2021-01-14 00:00:00+00:00,358.6351013,378.4599915,381.1300049,378.1000061,380.5899963,49989100
2021-01-15 00:00:00+00:00,356.0197449,375.7000122,377.5799866,373.7000122,376.7200012,107160000
2021-01-19 00:00:00+00:00,358.8151855,378.6499939,379.230011,376.75,378.3399963,51233300
2021-01-20 00:00:00+00:00,363.7807007,383.8900146,384.7900085,380.6900024,381.1099854,61836100
2021-01-21 00:00:00+00:00,364.1123352,384.2399902,384.9500122,383.25,384.4899902,47840100
2021-01-22 00:00:00+00:00,362.8236084,382.8800049,384.1300049,381.8399963,382.25,52860500
2021-01-25 00:00:00+00:00,364.2544861,384.3900146,384.769989,378.4599915,383.6700134,70402000
2021-01-26 00:00:00+00:00,363.6858826,383.7900085,385.8500061,383.5400085,385.4100037,42665300
2021-01-27 00:00:00+00:00,354.7972717,374.4100037,380.3200073,372.0100098,380.2200012,123351100
2021-01-28 00:00:00+00:00,357.8486328,377.6300049,381.9299927,375.8900146,376.3599854,94198100
2021-01-29 00:00:00+00:00,350.6846008,370.0700073,376.6700134,368.269989,375.6300049,126765100
2021-02-01 00:00:00+00:00,356.5219727,376.230011,377.3399963,370.3800049,373.7200012,75817600
2021-02-02 00:00:00+00:00,361.5632019,381.5499878,383.2200012,376.3200073,379.6499939,64450700
2021-02-03 00:00:00+00:00,361.8475342,381.8500061,383.7000122,380.480011,382.4400024,52427100
2021-02-04 00:00:00+00:00,365.9602051,386.1900024,386.2399902,381.9700012,382.9599915,47142600
2021-02-05 00:00:00+00:00,367.4005737,387.7099915,388.4700012,386.1400146,388.2000122,48669800
2021-02-08 00:00:00+00:00,370.0538635,390.5100098,390.5599976,388.3500061,389.269989,38365200
2021-02-09 00:00:00+00:00,369.8075256,390.25,390.8900146,389.1700134,389.6099854,35551100
2021-02-10 00:00:00+00:00,369.6463928,390.0799866,392.2799988,387.5,392.1199951,59154400
2021-02-11 00:00:00+00:00,370.2434387,390.7099915,391.6900024,388.1000061,391.2399902,42913300
2021-02-12 00:00:00+00:00,372.0723572,392.6400146,392.8999939,389.769989,389.8500061,50593300
2021-02-16 00:00:00+00:00,371.7501831,392.2999878,394.1700134,391.5299988,393.9599915,50972400
2021-02-17 00:00:00+00:00,371.8354492,392.3900146,392.6600037,389.3299866,390.4200134,52290600
2021-02-18 00:00:00+00:00,370.2528992,390.7200012,391.519989,387.7399902,389.5899963,59712800
2021-02-19 00:00:00+00:00,369.5990295,390.0299988,392.3800049,389.5499878,392.0700073,83241000
2021-02-22 00:00:00+00:00,366.756134,387.0299988,389.6199951,386.7399902,387.0599976,67414200
2021-02-23 00:00:00+00:00,367.2015381,387.5,388.9500122,380.2000122,384.6600037,107284100
2021-02-24 00:00:00+00:00,371.2479248,391.769989,392.230011,385.269989,386.3299866,72433900
2021-02-25 00:00:00+00:00,362.3024292,382.3299866,391.8800049,380.7799988,390.4100037,146670500
2021-02-26 00:00:00+00:00,360.4355469,380.3599854,385.5799866,378.230011,384.3500061,152701600
2021-03-01 00:00:00+00:00,369.1726379,389.5799866,390.9200134,380.5700073,385.5899963,105348800
2021-03-02 00:00:00+00:00,366.2919617,386.5400085,390.0700073,386,389.8200073,79595300
2021-03-03 00:00:00+00:00,361.4400635,381.4200134,386.8299866,381.3099976,385.7900085,119940200
2021-03-04 00:00:00+00:00,356.9673462,376.7000122,384,371.8800049,381.2200012,183433000
2021-03-05 00:00:00+00:00,363.5343018,383.6300049,384.7600098,372.6400146,380.4599915,152039600
2021-03-08 00:00:00+00:00,361.7243347,381.7200012,387.6799927,381.4200134,384.6600037,123149200
2021-03-09 00:00:00+00:00,366.888855,387.1700134,389.9100037,385.3099976,385.8500061,113633600
2021-03-10 00:00:00+00:00,369.1726379,389.5799866,391.3999939,388.1700134,389.6900024,109899400
2021-03-11 00:00:00+00:00,372.9157104,393.5299988,395.6499939,391.7399902,392.230011,86245000
2021-03-12 00:00:00+00:00,373.4179382,394.0599976,394.2099915,391.2000122,392.0700073,64653600
2021-03-15 00:00:00+00:00,375.6448059,396.4100037,396.6900024,392.0299988,394.3299866,73427200
2021-03-16 00:00:00+00:00,375.17099,395.9100037,397.8299866,395.0799866,397.0700073,73722500
2021-03-17 00:00:00+00:00,376.4503174,397.2600098,398.1199951,393.2999878,394.5299988,97959300
2021-03-18 00:00:00+00:00,370.973114,391.480011,396.7200012,390.75,394.480011,115349100
2021-03-19 00:00:00+00:00,370.2866821,389.480011,391.5700073,387.1499939,389.8800049,113624500
2021-03-22 00:00:00+00:00,373.2434387,392.5899963,394.0700073,389.9700012,390.0299988,73778600
2021-03-23 00:00:00+00:00,370.3056946,389.5,393.4599915,388.6600037,391.9100037,90686600
2021-03-24 00:00:00+00:00,368.4231873,387.519989,392.75,387.4700012,391,97588600
2021-03-25 00:00:00+00:00,370.4958191,389.7000122,390.5499878,383.8999939,385.980011,116128600
2021-03-26 00:00:00+00:00,376.4663696,395.980011,396.4100037,390.2900085,390.9299927,114409100
2021-03-29 00:00:00+00:00,376.2761841,395.7799988,396.75,392.8099976,394.3999939,108107600
2021-03-30 00:00:00+00:00,375.2779236,394.730011,395.4500122,393.019989,394.4200134,76262200
2021-03-31 00:00:00+00:00,376.7991028,396.3299866,398,395.3099976,395.3399963,112734200
2021-04-01 00:00:00+00:00,380.8682251,400.6099854,400.6700134,398.1799927,398.3999939,99682900
2021-04-05 00:00:00+00:00,386.3348083,406.3599854,406.9400024,403.3800049,403.4599915,91684800
2021-04-06 00:00:00+00:00,386.1066589,406.1199951,407.2399902,405.3999939,405.7600098,62021000
2021-04-07 00:00:00+00:00,386.5535583,406.5899963,406.9599915,405.4500122,405.9400024,55836300
2021-04-08 00:00:00+00:00,388.3883667,408.519989,408.5799866,406.9299927,407.9299927,57863100
2021-04-09 00:00:00+00:00,391.2120056,411.4899902,411.6700134,408.2600098,408.3900146,61104600
2021-04-12 00:00:00+00:00,391.3546448,411.6400146,411.9299927,410.2000122,410.8500061,56704900
2021-04-13 00:00:00+00:00,392.5145264,412.8599854,413.5299988,411.1199951,411.5299988,56551000
2021-04-14 00:00:00+00:00,391.1740417,411.4500122,413.9599915,410.8699951,412.8299866,61659900
2021-04-15 00:00:00+00:00,395.3761597,415.8699951,416.1600037,413.6900024,413.7399902,60229800
2021-04-16 00:00:00+00:00,396.6977234,417.2600098,417.9100037,415.730011,417.25,82037300
2021-04-19 00:00:00+00:00,394.7486877,415.2099915,416.7399902,413.7900085,416.2600098,78498500
2021-04-20 00:00:00+00:00,391.85849,412.1700134,415.0899963,410.5899963,413.9100037,81851800
2021-04-21 00:00:00+00:00,395.5663147,416.0700073,416.2900085,411.3599854,411.5100098,66793000
2021-04-22 00:00:00+00:00,391.9535522,412.269989,416.7799988,411.1300049,415.8900146,97582800
2021-04-23 00:00:00+00:00,396.2033081,416.7399902,418.25,412.7900085,412.8699951,73209200
2021-04-26 00:00:00+00:00,397.0304871,417.6099854,418.2200012,416.8099976,417.4400024,52182400
2021-04-27 00:00:00+00:00,396.9448853,417.519989,418.1400146,416.2999878,417.9299927,51303100
2021-04-28 00:00:00+00:00,396.8307495,417.3999939,419.0100098,416.8999939,417.8099976,51238900
2021-04-29 00:00:00+00:00,399.3596802,420.0599976,420.7200012,416.4400024,420.3200073,78544300
2021-04-30 00:00:00+00:00,396.7357483,417.2999878,418.5400085,416.3399963,417.6300049,85527000
2021-05-03 00:00:00+00:00,397.5913391,418.2000122,419.8399963,417.6700134,419.4299927,68128300
2021-05-04 00:00:00+00:00,395.1384888,415.6199951,416.6000061,411.6700134,416.0700073,101591200
2021-05-05 00:00:00+00:00,395.2621155,415.75,417.6300049,415.1499939,417.3800049,60162200
2021-05-06 00:00:00+00:00,398.4185181,419.0700073,419.2099915,413.6799927,415.8299866,74321400
2021-05-07 00:00:00+00:00,401.3181763,422.1199951,422.8200073,419.1600037,419.8900146,67733800
2021-05-10 00:00:00+00:00,397.3442078,417.9400024,422.7399902,417.8099976,422.5,81852400
2021-05-11 00:00:00+00:00,393.7979431,414.2099915,415.269989,410.0599976,413.1000061,116888000
2021-05-12 00:00:00+00:00,385.4317017,405.4100037,412.5899963,404,411.230011,134811000
2021-05-13 00:00:00+00:00,390.061615,410.2799988,412.3500061,407.019989,407.0700073,106394000
2021-05-14 00:00:00+00:00,396.051178,416.5799866,417.4899902,413.1799927,413.2099915,82201600
2021-05-17 00:00:00+00:00,395.0434265,415.519989,416.3900146,413.3599854,415.3900146,65129200
2021-05-18 00:00:00+00:00,391.6399231,411.9400024,416.0599976,411.769989,415.7999878,59810200
2021-05-19 00:00:00+00:00,390.6130981,410.8599854,411.0499878,405.3299866,406.9200134,106467100
2021-05-20 00:00:00+00:00,394.8152466,415.2799988,416.6300049,411.6700134,411.7999878,78022200
2021-05-21 00:00:00+00:00,394.4920044,414.9400024,418.2000122,414.4500122,416.8699951,76578700
2021-05-24 00:00:00+00:00,398.5136414,419.1700134,420.3200073,417.0799866,417.3399963,51376700
2021-05-25 00:00:00+00:00,397.629364,418.2399902,420.7099915,417.6199951,420.3299866,57451400
2021-05-26 00:00:00+00:00,398.4185181,419.0700073,419.6099854,417.7600098,418.8699951,43088600
2021-05-27 00:00:00+00:00,398.627655,419.2900085,420.7200012,418.9899902,420.1700134,56707700
2021-05-28 00:00:00+00:00,399.3406982,420.0400085,421.25,419.7900085,420.9700012,58520200
2021-06-01 00:00:00+00:00,398.9889526,419.6700134,422.7200012,419.2000122,422.5700073,54216600
2021-06-02 00:00:00+00:00,399.6163635,420.3299866,421.230011,419.2900085,420.3699951,49097100
2021-06-03 00:00:00+00:00,398.1332397,418.769989,419.9899902,416.2799988,417.8500061,58138800
2021-06-04 00:00:00+00:00,401.7745361,422.6000061,422.9200134,418.8399963,420.75,55938800
2021-06-07 00:00:00+00:00,401.3847656,422.1900024,422.7799988,421.1900024,422.5899963,51555000
2021-06-08 00:00:00+00:00,401.4703064,422.2799988,423.2099915,420.3200073,423.1099854,47134300
2021-06-09 00:00:00+00:00,400.8713379,421.6499939,423.2600098,421.4100037,423.1799927,48436300
2021-06-10 00:00:00+00:00,402.7346802,423.6099854,424.6300049,421.5499878,422.9599915,51020100
2021-06-11 00:00:00+00:00,403.4002991,424.3099976,424.4299927,422.8200073,424.2000122,45570800
2021-06-14 00:00:00+00:00,404.3034363,425.2600098,425.3699951,423.1000061,424.4299927,42358500
2021-06-15 00:00:00+00:00,403.5619202,424.480011,425.4599915,423.5400085,425.4200134,51508500
2021-06-16 00:00:00+00:00,401.3086853,422.1099854,424.8699951,419.9200134,424.6300049,80386100
2021-06-17 00:00:00+00:00,401.1755371,421.9700012,423.019989,419.3200073,421.6700134,90949700
2021-06-18 00:00:00+00:00,395.7635193,414.9200134,417.8299866,414.7000122,417.0899963,118676300
2021-06-21 00:00:00+00:00,401.4292908,420.8599854,421.0599976,415.9299927,416.7999878,72822000
2021-06-22 00:00:00+00:00,403.5754089,423.1099854,424,420.0799866,420.8500061,57700300
2021-06-23 00:00:00+00:00,403.0890198,422.6000061,424.0499878,422.5100098,423.1900024,49445400
2021-06-24 00:00:00+00:00,405.4735413,425.1000061,425.5499878,424.6199951,424.8900146,45110300
2021-06-25 00:00:00+00:00,406.9138184,426.6099854,427.0899963,425.5499878,425.8999939,58129500
2021-06-28 00:00:00+00:00,407.7341003,427.4700012,427.6499939,425.8900146,427.1700134,53159600
2021-06-29 00:00:00+00:00,407.9534912,427.7000122,428.5599976,427.1300049,427.8800049,35970500
2021-06-30 00:00:00+00:00,408.2969055,428.0599976,428.7799988,427.1799927,427.2099915,64827900
2021-07-01 00:00:00+00:00,410.5574036,430.4299927,430.6000061,428.7999878,428.8699951,53441000
2021-07-02 00:00:00+00:00,413.6955566,433.7200012,434.1000061,430.519989,431.6700134,57697700
2021-07-06 00:00:00+00:00,412.9420471,432.9299927,434.0100098,430.0100098,433.7799988,68710400
2021-07-07 00:00:00+00:00,414.4014282,434.4599915,434.7600098,431.5100098,433.6600037,63549500
2021-07-08 00:00:00+00:00,411.0248413,430.9200134,431.730011,427.519989,428.7799988,97595200
2021-07-09 00:00:00+00:00,415.4124756,435.519989,435.8399963,430.7099915,432.5299988,76238600
2021-07-12 00:00:00+00:00,416.9003601,437.0799866,437.3500061,434.9700012,435.4299927,52889600
2021-07-13 00:00:00+00:00,415.479248,435.5899963,437.8399963,435.3099976,436.2399902,52911300
2021-07-14 00:00:00+00:00,416.0991821,436.2399902,437.9200134,434.9100037,437.3999939,64130400
2021-07-15 00:00:00+00:00,414.678009,434.75,435.5299988,432.7200012,434.8099976,55126400
2021-07-16 00:00:00+00:00,411.4254761,431.3399963,436.0599976,430.9200134,436.0100098,75874700
2021-07-19 00:00:00+00:00,405.3495483,424.9700012,431.4100037,421.9700012,426.1900024,147987000
2021-07-20 00:00:00+00:00,411.1584167,431.0599976,432.4200134,424.8299866,425.6799927,99608200
2021-07-21 00:00:00+00:00,414.4872742,434.5499878,434.7000122,431.0100098,432.3399963,64724400
2021-07-22 00:00:00+00:00,415.3552246,435.4599915,435.7200012,433.6900024,434.7399902,47878500
2021-07-23 00:00:00+00:00,419.628418,439.9400024,440.2999878,436.7900085,437.519989,63766600
2021-07-26 00:00:00+00:00,420.6585388,441.019989,441.0299988,439.2600098,439.3099976,43719200
2021-07-27 00:00:00+00:00,418.7413635,439.0100098,439.9400024,435.9899902,439.9100037,67397100
2021-07-28 00:00:00+00:00,418.5696716,438.8299866,440.2999878,437.3099976,439.6799927,52472400
2021-07-29 00:00:00+00:00,420.3055725,440.6499939,441.7999878,439.8099976,439.8200073,47435300
2021-07-30 00:00:00+00:00,418.2644653,438.5100098,440.0599976,437.769989,437.9100037,68951200
2021-08-02 00:00:00+00:00,417.3869324,437.5899963,440.9299927,437.2099915,440.3399963,58783300
2021-08-03 00:00:00+00:00,420.7825317,441.1499939,441.2799988,436.1000061,438.4400024,58053900
2021-08-04 00:00:00+00:00,418.712738,438.980011,441.1199951,438.730011,439.7799988,46732200
2021-08-05 00:00:00+00:00,421.3643799,441.7600098,441.8500061,439.8800049,440.2200012,38969700
2021-08-06 00:00:00+00:00,422.0606384,442.4899902,442.9400024,441.7999878,442.1000061,46930000
2021-08-09 00:00:00+00:00,421.7173157,442.1300049,442.7999878,441.3099976,442.4599915,41222600
2021-08-10 00:00:00+00:00,422.2418823,442.6799927,443.4400024,441.8800049,442.6099854,43339300
2021-08-11 00:00:00+00:00,423.2911987,443.7799988,443.8800049,442.6199951,443.8200073,44034300
2021-08-12 00:00:00+00:00,424.5597229,445.1099854,445.2600098,442.6600037,443.6199951,38909400
2021-08-13 00:00:00+00:00,425.3323669,445.9200134,445.9400024,445.0700073,445.5899963,39470300
2021-08-16 00:00:00+00:00,426.3338928,446.9700012,447.1099854,442.8699951,444.5299988,73740000
2021-08-17 00:00:00+00:00,423.5391235,444.0400085,444.9599915,440.8500061,444.2399902,92673900
2021-08-18 00:00:00+00:00,418.9035339,439.1799927,444.6300049,438.9200134,442.9599915,89351900
2021-08-19 00:00:00+00:00,419.552063,439.8599854,441.1400146,436.1199951,436.269989,92812200
2021-08-20 00:00:00+00:00,422.8905029,443.3599854,443.7099915,439.7099915,440.230011,72008700
2021-08-23 00:00:00+00:00,426.6104126,447.2600098,448.230011,443.4400024,445.1600037,54973000
2021-08-24 00:00:00+00:00,427.2875977,447.9700012,448.5400085,447.4200134,447.9700012,38744700
2021-08-25 00:00:00+00:00,428.1842346,448.9100037,449.4599915,447.769989,448.1700134,40529700
2021-08-26 00:00:00+00:00,425.6565857,446.2600098,448.8599854,446.1600037,448.6099854,57829600
2021-08-27 00:00:00+00:00,429.4624634,450.25,450.6499939,447.0599976,447.1199951,77235100
2021-08-30 00:00:00+00:00,431.3510132,452.230011,453.0700073,450.7099915,450.9700012,48357400
2021-08-31 00:00:00+00:00,430.7119141,451.5599976,452.4899902,450.9200134,452.1300049,59300200
2021-09-01 00:00:00+00:00,430.9408264,451.7999878,453.1099854,451.5499878,452.5599976,48721400
2021-09-02 00:00:00+00:00,432.2666931,453.1900024,454.0499878,451.9100037,453.3200073,42501000
2021-09-03 00:00:00+00:00,432.1617126,453.0799866,453.6300049,451.5499878,451.980011,47170500
2021-09-07 00:00:00+00:00,430.6165161,451.4599915,452.8099976,450.7399902,452.7099915,51671500
2021-09-08 00:00:00+00:00,430.0919189,450.9100037,451.6700134,448.8599854,450.8900146,56181900
2021-09-09 00:00:00+00:00,428.2510376,448.980011,452.5700073,448.7200012,450.7000122,57970400
2021-09-10 00:00:00+00:00,424.8744812,445.4400024,451.4899902,445.3099976,451.0400085,89948200
2021-09-13 00:00:00+00:00,425.961792,446.5799866,448.9200134,444.1099854,448.6400146,83738600
2021-09-14 00:00:00+00:00,423.6631165,444.1700134,448.3399963,443.2200012,448.1199951,78197100
2021-09-15 00:00:00+00:00,427.2018738,447.8800049,448.4100037,443.4400024,444.6199951,78792200
2021-09-16 00:00:00+00:00,426.5246582,447.1700134,448.3599854,444.019989,447.3200073,77786700
2021-09-17 00:00:00+00:00,422.3698425,441.3999939,445.3699951,441.019989,444.9200134,118425000
2021-09-20 00:00:00+00:00,415.3271179,434.0400085,436.5599976,428.8599854,434.8800049,166445500
2021-09-21 00:00:00+00:00,414.934845,433.6300049,437.9100037,433.0700073,436.5299988,92526100
2021-09-22 00:00:00+00:00,418.9823914,437.8599854,440.0299988,433.75,436.0499878,102350100
2021-09-23 00:00:00+00:00,424.0730591,443.1799927,444.8900146,439.6000061,439.8500061,76396000
2021-09-24 00:00:00+00:00,424.771637,443.9100037,444.6700134,441.2099915,441.4400024,62094800
2021-09-27 00:00:00+00:00,423.556366,442.6400146,444.0499878,441.8999939,442.8099976,61371100
2021-09-28 00:00:00+00:00,415.0209045,433.7200012,440.0400085,432.9400024,439.6900024,130436300
2021-09-29 00:00:00+00:00,415.7194519,434.4500122,437.0400085,433.8500061,435.1900024,82329200
2021-09-30 00:00:00+00:00,410.6384277,429.1400146,436.769989,428.7799988,436.019989,140506000
2021-10-01 00:00:00+00:00,415.5184937,434.2399902,436.0299988,427.230011,430.980011,129240100
2021-10-04 00:00:00+00:00,410.1599121,428.6400146,433.9599915,426.3599854,433,128570000
2021-10-05 00:00:00+00:00,414.4276123,433.1000061,435.4899902,429.3900146,430.2399902,90682500
2021-10-06 00:00:00+00:00,416.1500549,434.8999939,435.1199951,427.5400085,429.269989,113032200
2021-10-07 00:00:00+00:00,419.7479248,438.6600037,441.6799927,438.2000122,438.3900146,72437500
2021-10-08 00:00:00+00:00,418.9823914,437.8599854,439.8900146,437.1900024,439.480011,74557400
2021-10-11 00:00:00+00:00,415.9491272,434.6900024,440.2600098,434.6199951,437.1600037,65233300
2021-10-12 00:00:00+00:00,414.9251709,433.6199951,436.1000061,432.7799988,435.6700134,71181200
2021-10-13 00:00:00+00:00,416.4179688,435.1799927,436.0499878,431.5400085,434.7099915,72974000
2021-10-14 00:00:00+00:00,423.4223633,442.5,442.6600037,438.5799866,439.0799866,70236800
2021-10-15 00:00:00+00:00,426.6471863,445.8699951,446.2600098,444.0899963,444.75,66260200
2021-10-18 00:00:00+00:00,427.9101868,447.1900024,447.5499878,443.269989,443.9700012,62213200
2021-10-19 00:00:00+00:00,431.2114563,450.6400146,450.7099915,448.269989,448.9200134,46996800
2021-10-20 00:00:00+00:00,432.9051208,452.4100037,452.730011,451.0100098,451.1300049,49571600
2021-10-21 00:00:00+00:00,434.0342407,453.5899963,453.8299866,451.3099976,451.769989,41305400
2021-10-22 00:00:00+00:00,433.5845642,453.1199951,454.6700134,451.0499878,453.1300049,58845100
2021-10-25 00:00:00+00:00,435.909668,455.5499878,455.8999939,452.3900146,454.2799988,45214500
2021-10-26 00:00:00+00:00,436.302063,455.9599915,458.4899902,455.5599976,457.2000122,56075100
2021-10-27 00:00:00+00:00,434.3691101,453.9400024,457.1600037,453.8599854,456.4500122,72438000
2021-10-28 00:00:00+00:00,438.5603333,458.3200073,458.3999939,455.4500122,455.4599915,51437900
2021-10-29 00:00:00+00:00,439.4502563,459.25,459.5599976,455.5599976,455.8699951,70162400
2021-11-01 00:00:00+00:00,440.2062073,460.0400085,460.7000122,458.2000122,460.2999878,48433600
2021-11-02 00:00:00+00:00,441.9859924,461.8999939,462.230011,460.0799866,460.2200012,48908400
2021-11-03 00:00:00+00:00,444.6844482,464.7200012,465.1499939,460.8299866,461.2999878,52509800
2021-11-04 00:00:00+00:00,446.7799683,466.9100037,467,464.9899902,465.3599854,52847100
2021-11-05 00:00:00+00:00,448.3301392,468.5299988,470.6499939,466.9200134,469.2799988,66390600
2021-11-08 00:00:00+00:00,448.7129211,468.9299927,470.230011,468.2000122,469.7000122,50405200
2021-11-09 00:00:00+00:00,447.2297974,467.3800049,469.5700073,465.8800049,469.3200073,51149100
2021-11-10 00:00:00+00:00,443.6318665,463.6199951,467.3800049,462.0400085,465.5799866,69429700
2021-11-11 00:00:00+00:00,443.7753906,463.769989,465.2900085,463.75,465.2099915,34848500
2021-11-12 00:00:00+00:00,447.1245117,467.269989,467.8599854,464.1099854,465.1199951,53466700
2021-11-15 00:00:00+00:00,447.2775879,467.4299927,468.8099976,466.230011,468.6400146,46980500
2021-11-16 00:00:00+00:00,449.0478516,469.2799988,470.4899902,467.0700073,467.1499939,48857500
2021-11-17 00:00:00+00:00,447.9569397,468.1400146,469.1900024,467.480011,469,47858300
2021-11-18 00:00:00+00:00,449.4784546,469.730011,470.0100098,466.3399963,469.2399902,50625600
2021-11-19 00:00:00+00:00,448.6746826,468.8900146,470.9400024,468.5,469.6099854,57315600
2021-11-22 00:00:00+00:00,447.411499,467.5700073,473.5400085,467.3500061,470.8900146,72762000
2021-11-23 00:00:00+00:00,448.0047913,468.1900024,469.1000061,464.4500122,467.2200012,73206500
2021-11-24 00:00:00+00:00,449.2008667,469.4400024,469.5700073,465.1900024,466.0599976,61858800
2021-11-26 00:00:00+00:00,439.182312,458.9700012,463.8999939,457.769989,462.3399963,112669600
2021-11-29 00:00:00+00:00,444.5695496,464.6000061,466.5599976,461.730011,464.0700073,86268800
2021-11-30 00:00:00+00:00,435.9193115,455.5599976,464.0299988,455.2999878,462,148559600
2021-12-01 00:00:00+00:00,431.0774841,450.5,464.6700134,450.2900085,461.6400146,131939200
2021-12-02 00:00:00+00:00,437.6799622,457.3999939,459.0700073,450.3099976,450.730011,127637800
2021-12-03 00:00:00+00:00,433.8716125,453.4200134,460.2999878,448.9200134,459.1700134,137331600
2021-12-06 00:00:00+00:00,439.0101013,458.7900085,460.7900085,453.5599976,456.1300049,98977500
2021-12-07 00:00:00+00:00,448.0909729,468.2799988,468.8800049,458.6499939,464.4100037,95484700
2021-12-08 00:00:00+00:00,449.2774963,469.519989,470,466.8299866,468.7000122,72238800
2021-12-09 00:00:00+00:00,446.2441711,466.3500061,469.6300049,466.1400146,468.1499939,61272600
2021-12-10 00:00:00+00:00,450.4447937,470.7399902,470.8999939,466.5100098,469.230011,77159800
2021-12-13 00:00:00+00:00,446.4546814,466.5700073,470.5599976,466.269989,470.1900024,87724700
2021-12-14 00:00:00+00:00,443.3830261,463.3599854,465.7399902,460.25,463.0899963,97264100
2021-12-15 00:00:00+00:00,450.3108826,470.6000061,470.8599854,460.7399902,463.4200134,116899300
2021-12-16 00:00:00+00:00,446.3398438,466.4500122,472.8699951,464.7999878,472.5700073,116568600
2021-12-17 00:00:00+00:00,441.5895081,459.8699951,464.7399902,458.0599976,461.5499878,135511600
2021-12-20 00:00:00+00:00,436.8938599,454.980011,455.3999939,451.1400146,454.480011,107134800
2021-12-21 00:00:00+00:00,444.65271,463.0599976,463.2099915,456.3099976,458.6099854,69806300
2021-12-22 00:00:00+00:00,449.0986023,467.6900024,467.8099976,462.5799866,462.7900085,58890200
2021-12-23 00:00:00+00:00,451.8929749,470.6000061,472.1900024,468.6400146,468.75,56439700
2021-12-27 00:00:00+00:00,458.2881775,477.2600098,477.3099976,472.0100098,472.0599976,56808600
2021-12-28 00:00:00+00:00,457.9136963,476.8699951,478.8099976,476.0599976,477.7200012,47274600
2021-12-29 00:00:00+00:00,458.4995117,477.480011,478.5599976,475.9200134,476.980011,54503000
2021-12-30 00:00:00+00:00,457.2319031,476.1600037,479,475.6700134,477.9299927,55329000
2021-12-31 00:00:00+00:00,456.0796509,474.9599915,476.8599854,474.6700134,475.6400146,65237400
2022-01-03 00:00:00+00:00,458.7203674,477.7099915,477.8500061,473.8500061,476.2999878,72668200
2022-01-04 00:00:00+00:00,458.5666504,477.5499878,479.980011,475.5799866,479.2200012,71178700
2022-01-05 00:00:00+00:00,449.7612305,468.3800049,477.980011,468.2799988,477.1600037,104538900
2022-01-06 00:00:00+00:00,449.3386536,467.9400024,470.8200073,465.4299927,467.8900146,86858900
2022-01-07 00:00:00+00:00,447.5622253,466.0899963,469.2000122,464.6499939,467.9500122,85111600
2022-01-10 00:00:00+00:00,447.0053101,465.5100098,465.7399902,456.6000061,462.7000122,119362000
2022-01-11 00:00:00+00:00,451.0767212,469.75,469.8500061,462.0499878,465.230011,74303100
2022-01-12 00:00:00+00:00,452.2962646,471.019989,473.2000122,468.9400024,471.5899963,67605400
2022-01-13 00:00:00+00:00,446.06427,464.5299988,472.8800049,463.4400024,472.1900024,91173100
2022-01-14 00:00:00+00:00,446.2466736,464.7200012,465.0899963,459.8999939,461.1900024,95890900
2022-01-18 00:00:00+00:00,438.3438416,456.4899902,459.9599915,455.3099976,459.7399902,109709100
2022-01-19 00:00:00+00:00,433.7922668,451.75,459.6099854,451.4599915,458.1300049,109357600
2022-01-20 00:00:00+00:00,428.9910583,446.75,458.7399902,444.5,453.75,122379700
2022-01-21 00:00:00+00:00,420.5696106,437.980011,448.0599976,437.9500122,445.5599976,202271200
2022-01-24 00:00:00+00:00,422.3557129,439.8399963,440.3800049,420.7600098,432.0299988,251783900
2022-01-25 00:00:00+00:00,417.1991577,434.4700012,439.7200012,427.1499939,433.0599976,167997300
2022-01-26 00:00:00+00:00,416.1524963,433.3800049,444.0400085,428.8599854,440.7200012,186391100
2022-01-27 00:00:00+00:00,414.0975647,431.2399902,441.5899963,429.4500122,438.2600098,149878300
2022-01-28 00:00:00+00:00,424.381897,441.9500122,442,427.8200073,432.6799927,164457400
2022-01-31 00:00:00+00:00,432.0254211,449.9100037,450.2799988,439.8099976,441.2399902,152251400
2022-02-01 00:00:00+00:00,434.9445801,452.9500122,453.6300049,446.9400024,450.6799927,123155400
2022-02-02 00:00:00+00:00,439.1696777,457.3500061,458.1199951,453.0499878,455.5,117361000
2022-02-03 00:00:00+00:00,428.8469849,446.6000061,452.9700012,445.7099915,450.9500122,118024400
2022-02-04 00:00:00+00:00,430.8635559,448.7000122,452.7799988,443.8299866,446.3500061,118454400
2022-02-07 00:00:00+00:00,429.4807129,447.2600098,450.9899902,445.8500061,449.5100098,84472900
2022-02-08 00:00:00+00:00,433.0144043,450.9400024,451.9200134,445.2200012,446.730011,81012000
2022-02-09 00:00:00+00:00,439.3520813,457.5400085,457.8800049,455.0100098,455.2200012,92589900
2022-02-10 00:00:00+00:00,431.4588928,449.3200073,457.7099915,447.2000122,451.3399963,140103700
2022-02-11 00:00:00+00:00,422.9510498,440.4599915,451.6099854,438.9400024,449.4100037,153214600
2022-02-14 00:00:00+00:00,421.5682983,439.019989,441.6000061,435.3399963,439.9200134,123006300
2022-02-15 00:00:00+00:00,428.3668213,446.1000061,446.2799988,443.1799927,443.730011,88482700
2022-02-16 00:00:00+00:00,428.8469849,446.6000061,448.0599976,441.9400024,443.9299927,84863600
2022-02-17 00:00:00+00:00,419.6862183,437.0599976,446.5700073,436.4200134,443.2200012,102259100
2022-02-18 00:00:00+00:00,416.968689,434.230011,438.6600037,431.8200073,437.3299866,132642900
2022-02-22 00:00:00+00:00,412.493927,429.5700073,435.5,425.8599854,431.8900146,124391800
2022-02-23 00:00:00+00:00,405.1768188,421.9500122,433.2600098,421.3500061,432.6600037,132578000
2022-02-24 00:00:00+00:00,411.2744751,428.2999878,428.7600098,410.6400146,411.019989,213942900
2022-02-25 00:00:00+00:00,420.3487549,437.75,437.8399963,427.8599854,429.6099854,121804500
2022-02-28 00:00:00+00:00,419.2732544,436.6300049,438.2000122,430.7000122,432.0299988,145615000
2022-03-01 00:00:00+00:00,412.8876953,429.980011,437.1700134,427.1099854,435.0400085,137785900
2022-03-02 00:00:00+00:00,420.4832764,437.8900146,439.7200012,431.5700073,432.3699951,117726500
2022-03-03 00:00:00+00:00,418.3899231,435.7099915,441.1099854,433.7999878,440.4700012,105501700
2022-03-04 00:00:00+00:00,414.9906311,432.1700134,433.3699951,427.8800049,431.75,113978200
2022-03-07 00:00:00+00:00,402.757019,419.4299927,432.2999878,419.3599854,431.5499878,137896600
2022-03-08 00:00:00+00:00,399.7034607,416.25,427.2099915,415.1199951,419.6199951,164772700
2022-03-09 00:00:00+00:00,410.4197693,427.4100037,429.5100098,422.8200073,425.1400146,116990800
2022-03-10 00:00:00+00:00,408.5665588,425.480011,426.4299927,420.4400024,422.519989,93972700
2022-03-11 00:00:00+00:00,403.371582,420.0700073,428.769989,419.5299988,428.1199951,95636300
2022-03-14 00:00:00+00:00,400.423645,417,424.5499878,415.7900085,420.8900146,95729200
2022-03-15 00:00:00+00:00,409.2290955,426.1700134,426.8399963,418.4200134,419.769989,106219100
2022-03-16 00:00:00+00:00,418.3034363,435.6199951,435.6799927,424.7999878,429.8900146,144954800
2022-03-17 00:00:00+00:00,423.5367737,441.0700073,441.0700073,433.1900024,433.5899963,102676900
2022-03-18 00:00:00+00:00,428.1757507,444.519989,444.8599854,437.2200012,438,106345500
2022-03-21 00:00:00+00:00,428.0505066,444.3900146,446.4599915,440.6799927,444.3399963,88349800
2022-03-22 00:00:00+00:00,433.0593262,449.5899963,450.5799866,445.8599854,445.8599854,74650400
2022-03-23 00:00:00+00:00,427.4821777,443.7999878,448.4899902,443.7099915,446.9100037,79426100
2022-03-24 00:00:00+00:00,433.926239,450.4899902,450.5,444.7600098,445.9400024,64736900
2022-03-25 00:00:00+00:00,436.0453491,452.6900024,452.980011,448.4299927,451.1600037,77101300
2022-03-28 00:00:00+00:00,439.1469421,455.9100037,455.9100037,450.0599976,452.0599976,68529800
2022-03-29 00:00:00+00:00,444.5795593,461.5499878,462.0700073,457.1799927,460.019989,86581500
2022-03-30 00:00:00+00:00,441.8343506,458.7000122,461.2000122,456.4700012,460.3399963,79666900
2022-03-31 00:00:00+00:00,435.0339355,451.6400146,458.7600098,451.1600037,457.8900146,121699900
2022-04-01 00:00:00+00:00,436.2668152,452.9200134,453.4599915,449.1400146,453.3099976,89048800
2022-04-04 00:00:00+00:00,440.0042114,456.7999878,456.9100037,452.2600098,453.1300049,59601000
2022-04-05 00:00:00+00:00,434.4463806,451.0299988,457.8299866,449.8200073,455.2200012,74214500
2022-04-06 00:00:00+00:00,430.1021423,446.519989,448.9299927,443.4700012,446.8900146,106898000
2022-04-07 00:00:00+00:00,432.2694397,448.769989,450.6900024,443.5299988,445.5899963,78097200
2022-04-08 00:00:00+00:00,431.1135864,447.5700073,450.6300049,445.9400024,447.9700012,79272700
2022-04-11 00:00:00+00:00,423.7449036,439.9200134,445,439.3900146,444.1099854,89770500
2022-04-12 00:00:00+00:00,422.1748047,438.2900085,445.75,436.6499939,443.0799866,84363600
2022-04-13 00:00:00+00:00,427.0102234,443.3099976,444.1099854,437.8399963,438.0299988,74070400
2022-04-14 00:00:00+00:00,421.6931763,437.7900085,444.730011,437.6799927,443.5499878,97869500
2022-04-18 00:00:00+00:00,421.8665466,437.9700012,439.75,435.6099854,436.8099976,66002500
2022-04-19 00:00:00+00:00,428.6766052,445.0400085,445.7999878,437.6799927,437.8599854,77821000
2022-04-20 00:00:00+00:00,428.3587036,444.7099915,447.5700073,443.480011,446.9200134,65224400
2022-04-21 00:00:00+00:00,421.9532776,438.0599976,450.0100098,437.1000061,448.5400085,85417300
2022-04-22 00:00:00+00:00,410.3752747,426.0400085,438.0799866,425.4400024,436.9100037,132471800
2022-04-25 00:00:00+00:00,412.7543945,428.5100098,428.6900024,418.8399963,423.6700134,119647700
2022-04-26 00:00:00+00:00,400.8007202,416.1000061,426.0400085,416.0700073,425.8299866,103996300
2022-04-27 00:00:00+00:00,401.9276733,417.269989,422.9200134,415.0100098,417.2399902,122030000
2022-04-28 00:00:00+00:00,412.0801086,427.8099976,429.6400146,417.6000061,422.2900085,105449100
2022-04-29 00:00:00+00:00,396.8514404,412,425.8699951,411.2099915,423.5899963,145491100
2022-05-02 00:00:00+00:00,399.2402649,414.480011,415.9200134,405.019989,412.0700073,158312500
2022-05-03 00:00:00+00:00,401.0704041,416.3800049,418.9299927,413.3599854,415.0100098,100028200
2022-05-04 00:00:00+00:00,413.2841187,429.0599976,429.6600037,413.7099915,417.0799866,144247900
2022-05-05 00:00:00+00:00,398.5948792,413.8099976,425,409.4400024,424.5499878,172929100
2022-05-06 00:00:00+00:00,396.2156372,411.3399963,414.7999878,405.730011,411.1000061,151770800
2022-05-09 00:00:00+00:00,383.5299683,398.1700134,406.4100037,396.5,405.1000061,155586100
2022-05-10 00:00:00+00:00,384.4161377,399.0899963,406.0799866,394.8200073,404.4899902,132497200
2022-05-11 00:00:00+00:00,378.3092346,392.75,404.0400085,391.9599915,398.0700073,142361000
2022-05-12 00:00:00+00:00,377.9142761,392.3399963,395.7999878,385.1499939,389.3699951,125090800
2022-05-13 00:00:00+00:00,386.9494019,401.7200012,403.1799927,395.6099854,396.7099915,104174400
2022-05-16 00:00:00+00:00,385.379364,400.0899963,403.9700012,397.6000061,399.980011,78622400
2022-05-17 00:00:00+00:00,393.3067322,408.3200073,408.5700073,402.5799866,406.5299988,83029700
2022-05-18 00:00:00+00:00,377.4519348,391.8599854,403.7999878,390.5499878,403.5,117674500
2022-05-19 00:00:00+00:00,375.1401672,389.4599915,394.1400146,387.1099854,388.6199951,98510700
2022-05-20 00:00:00+00:00,375.3040161,389.6300049,397.0299988,380.5400085,393.25,131432200
2022-05-23 00:00:00+00:00,382.3258972,396.9200134,397.730011,390.3800049,392.8299866,76414900
2022-05-24 00:00:00+00:00,379.4073486,393.8900146,395.1499939,386.9599915,392.5599976,91448800
2022-05-25 00:00:00+00:00,382.7593384,397.3699951,399.4500122,391.8900146,392.3099976,91472900
2022-05-26 00:00:00+00:00,390.4074097,405.3099976,407.0400085,398.4500122,398.6700134,82168300
2022-05-27 00:00:00+00:00,399.9915771,415.2600098,415.3800049,407.7000122,407.9100037,84768700
2022-05-31 00:00:00+00:00,397.7472534,412.9299927,416.4599915,410.0299988,413.5499878,95937000
2022-06-01 00:00:00+00:00,394.5300293,409.5899963,416.2399902,406.9299927,415.1700134,86585800
2022-06-02 00:00:00+00:00,402.0433044,417.3900146,417.4400024,407.0400085,409.4200134,79609600
2022-06-03 00:00:00+00:00,395.4450989,410.5400085,414.0400085,409.5100098,412.3999939,71874300
2022-06-06 00:00:00+00:00,396.6491394,411.7900085,416.6099854,410.5499878,414.7799988,57508900
2022-06-07 00:00:00+00:00,400.4539185,415.7399902,416.2200012,407.6099854,408.1000061,59272400
2022-06-08 00:00:00+00:00,396.1001587,411.2200012,415.8200073,410.3800049,413.9299927,64350000
2022-06-09 00:00:00+00:00,386.6796875,401.4400024,411.7399902,401.4400024,409.3399963,86289800
2022-06-10 00:00:00+00:00,375.4676208,389.7999878,395.7799988,389.75,394.8800049,132893900
2022-06-13 00:00:00+00:00,361.2118835,375,381.8099976,373.2999878,379.8500061,170004900
2022-06-14 00:00:00+00:00,360.1233826,373.8699951,377.9400024,370.5899963,376.8500061,104011800
2022-06-15 00:00:00+00:00,365.2574768,379.2000122,383.8999939,372.1199951,377.3599854,125666800
2022-06-16 00:00:00+00:00,353.1688538,366.6499939,370.9400024,364.0799866,370.5100098,134473300
2022-06-17 00:00:00+00:00,353.9302063,365.8599854,369.3800049,362.1700134,365.5100098,111113900
2022-06-21 00:00:00+00:00,362.8399048,375.0700073,376.5299988,371.8099976,371.8900146,76811900
2022-06-22 00:00:00+00:00,362.1821289,374.3900146,378.7200012,370.1799927,370.6199951,90059400
2022-06-23 00:00:00+00:00,365.7324524,378.0599976,378.8299866,372.8900146,376.6400146,79292100
2022-06-24 00:00:00+00:00,377.3604431,390.0799866,390.0899963,381.3699951,381.3999939,98050300
2022-06-27 00:00:00+00:00,375.9190369,388.5899963,391.3599854,387.4400024,391.0499878,66009600
2022-06-28 00:00:00+00:00,368.2379456,380.6499939,393.1600037,380.5299988,390.230011,86548900
2022-06-29 00:00:00+00:00,367.9380798,380.3399963,382.269989,378.4200134,381.230011,65676000
2022-06-30 00:00:00+00:00,364.9488525,377.25,380.6600037,372.5599976,376.2399902,112508300
2022-07-01 00:00:00+00:00,368.8087463,381.2399902,381.7000122,373.7999878,376.5599976,74839700
2022-07-05 00:00:00+00:00,369.5052795,381.9599915,381.980011,372.8999939,375.8800049,81438000
2022-07-06 00:00:00+00:00,370.7531738,383.25,385.8699951,379.6000061,382.1099854,70426200
2022-07-07 00:00:00+00:00,376.3059998,388.9899902,389.8299866,383.269989,385.1199951,64525900
2022-07-08 00:00:00+00:00,375.99646,388.6700134,390.6400146,385.6600037,387.269989,72397800
2022-07-11 00:00:00+00:00,371.7012634,384.230011,386.8699951,383.5,385.8500061,58366900
2022-07-12 00:00:00+00:00,368.4120789,380.8299866,386.1600037,378.9899902,383.6499939,62219200
2022-07-13 00:00:00+00:00,366.4772949,378.8299866,381.9200134,374.6600037,375.1000061,84224600
2022-07-14 00:00:00+00:00,365.5873108,377.9100037,379.0499878,371.0400085,373.6099854,89704800
2022-07-15 00:00:00+00:00,372.5718994,385.1300049,385.25,380.5400085,382.5499878,79060400
2022-07-18 00:00:00+00:00,369.4956055,381.9500122,389.0899963,380.6600037,388.3800049,63203600
2022-07-19 00:00:00+00:00,379.4790344,392.269989,392.8699951,385.3900146,386.0799866,78506000
2022-07-20 00:00:00+00:00,381.8975525,394.769989,396.2600098,391.0299988,392.4700012,71843800
2022-07-21 00:00:00+00:00,385.7864685,398.7900085,398.8399963,391.6300049,394.1600037,64903900
2022-07-22 00:00:00+00:00,382.2071228,395.0899963,400.1799927,392.75,398.9200134,72197300
2022-07-25 00:00:00+00:00,382.6714783,395.5700073,396.4700012,393.2099915,395.75,53631500
2022-07-26 00:00:00+00:00,378.1440735,390.8900146,394.0599976,389.9500122,393.8399963,52946400
2022-07-27 00:00:00+00:00,387.9630737,401.0400085,402.8800049,394.0499878,394.3599854,82342100
2022-07-28 00:00:00+00:00,392.8290405,406.0700073,406.7999878,398.1499939,401.8900146,73966600
2022-07-29 00:00:00+00:00,398.5560303,411.9899902,413.0299988,406.769989,407.5799866,87003700
2022-08-01 00:00:00+00:00,397.375824,410.769989,413.4100037,408.3999939,409.1499939,69997500
2022-08-02 00:00:00+00:00,394.7542114,408.0599976,413,406.8200073,409.1199951,63435400
2022-08-03 00:00:00+00:00,400.9358826,414.4500122,415.6799927,410,410.2999878,67820600
2022-08-04 00:00:00+00:00,400.6650085,414.1700134,415.0899963,412.4400024,414.3699951,45656600
2022-08-05 00:00:00+00:00,399.9877625,413.4700012,414.1499939,409.6000061,409.6600037,56814900
2022-08-08 00:00:00+00:00,399.5234375,412.9899902,417.6199951,411.8299866,415.25,53886100
2022-08-09 00:00:00+00:00,397.9369507,411.3500061,412.75,410.2200012,412.2200012,44931800
2022-08-10 00:00:00+00:00,406.2952271,419.9899902,420.1400146,416.7200012,418.7799988,68665700
2022-08-11 00:00:00+00:00,406.2952271,419.9899902,424.9500122,419.2099915,422.9899902,59489700
2022-08-12 00:00:00+00:00,413.1733704,427.1000061,427.2099915,421.0299988,422.0299988,61694500
2022-08-15 00:00:00+00:00,414.875946,428.8599854,429.4100037,424.7099915,424.769989,54048300
2022-08-16 00:00:00+00:00,415.6885986,429.7000122,431.730011,426.8800049,427.730011,59289000
2022-08-17 00:00:00+00:00,412.7379761,426.6499939,429.5,424.5400085,425.9100037,63563400
2022-08-18 00:00:00+00:00,413.9376221,427.8900146,428.6099854,425.5,426.8599854,49023200
2022-08-19 00:00:00+00:00,408.3750916,422.1400146,425.2600098,421.2200012,424.980011,68016900
2022-08-22 00:00:00+00:00,399.8717041,413.3500061,417.230011,412.3999939,417.0499878,77695600
2022-08-23 00:00:00+00:00,398.9043274,412.3500061,415.4200134,411.769989,412.8999939,49105200
2022-08-24 00:00:00+00:00,400.1812744,413.6700134,415.1099854,411.3900146,412.1099854,49177800
2022-08-25 00:00:00+00:00,405.8308411,419.5100098,419.5599976,414.0899963,415.2399902,50942300
2022-08-26 00:00:00+00:00,392.0938416,405.3099976,419.9599915,405.25,419.3900146,103087000
2022-08-29 00:00:00+00:00,389.5012512,402.6300049,405.8399963,401.2000122,402.2000122,65370800
2022-08-30 00:00:00+00:00,385.2254333,398.2099915,404.1000061,396,403.8500061,85652400
2022-08-31 00:00:00+00:00,382.2941895,395.1799927,401.2399902,395.0400085,399.9299927,76029700
2022-09-01 00:00:00+00:00,383.4937744,396.4200134,396.7799988,390.0400085,392.8900146,78740100
2022-09-02 00:00:00+00:00,379.4500122,392.2399902,401.5599976,390.3299866,400.2799988,99632100
2022-09-06 00:00:00+00:00,378.0183105,390.7600098,394.1199951,388.4200134,393.1300049,76637400
2022-09-07 00:00:00+00:00,384.8093262,397.7799988,398.5899963,390.2000122,390.4299927,70964200
2022-09-08 00:00:00+00:00,387.3246155,400.3800049,400.8599854,394.1199951,395.3900146,80821700
2022-09-09 00:00:00+00:00,393.3418274,406.6000061,407.5100098,402.4599915,402.7399902,76706900
2022-09-12 00:00:00+00:00,397.5693054,410.9700012,411.730011,408.4599915,408.7799988,69256300
2022-09-13 00:00:00+00:00,380.2820129,393.1000061,403.1000061,391.9200134,401.8299866,122947100
2022-09-14 00:00:00+00:00,381.7330933,394.6000061,396.2000122,391.1199951,394.4700012,85023700
2022-09-15 00:00:00+00:00,377.3991699,390.1199951,395.9599915,388.7799988,392.9599915,87633800
2022-09-16 00:00:00+00:00,374.5200195,385.5599976,386.25,382.1099854,384.1400146,103084800
2022-09-19 00:00:00+00:00,377.424408,388.5499878,388.5499878,382.1799927,382.2600098,73278500
2022-09-20 00:00:00+00:00,373.0921326,384.0899963,386.1199951,381.2000122,385.0599976,77274900
2022-09-21 00:00:00+00:00,366.5839539,377.3900146,389.3099976,377.3800049,386.1099854,106746600
2022-09-22 00:00:00+00:00,363.5047913,374.2200012,378.2999878,373.4400024,376.5799866,89472600
2022-09-23 00:00:00+00:00,357.4142761,367.9500122,370.6199951,363.2900085,370.5799866,122346900
2022-09-26 00:00:00+00:00,353.8785095,364.3099976,370.2099915,363.0299988,366.4100037,92581200
2022-09-27 00:00:00+00:00,352.9751282,363.3800049,370.3999939,360.8699951,368.019989,108294100
2022-09-28 00:00:00+00:00,359.9203796,370.5299988,372.2999878,362.6000061,364.3800049,110802200
2022-09-29 00:00:00+00:00,352.4020081,362.7900085,367.1099854,359.7000122,366.8099976,112952300
2022-09-30 00:00:00+00:00,346.9526672,357.1799927,365.9100037,357.0400085,361.7999878,153711200
2022-10-03 00:00:00+00:00,356.1126404,366.6099854,368.5499878,359.2099915,361.0799866,89756500
2022-10-04 00:00:00+00:00,367.1474304,377.9700012,378,366.5700073,372.3999939,103602800
2022-10-05 00:00:00+00:00,366.2925415,377.0899963,379.4599915,370.9500122,373.3900146,88065700
2022-10-06 00:00:00+00:00,362.5139771,373.2000122,378.7200012,372.6799927,375.6199951,82333500
2022-10-07 00:00:00+00:00,352.4020081,362.7900085,373.2900085,360.9400024,368.9700012,107789500
2022-10-10 00:00:00+00:00,349.7113647,360.019989,364.2099915,357.6700134,363.9599915,76042800
2022-10-11 00:00:00+00:00,347.4965515,357.7399902,363.0299988,355.7099915,358.2399902,92482800
2022-10-12 00:00:00+00:00,346.3504333,356.5599976,359.8200073,356.2999878,358.1700134,76991800
2022-10-13 00:00:00+00:00,355.4909363,365.9700012,367.5100098,348.1099854,349.2099915,147254500
2022-10-14 00:00:00+00:00,347.389801,357.6300049,370.2600098,356.9599915,368.5499878,123737000
2022-10-17 00:00:00+00:00,356.3166199,366.8200073,367.980011,357.2799988,364.0100098,93168200
2022-10-18 00:00:00+00:00,360.5032043,371.1300049,375.4500122,367.519989,375.1300049,97162900
2022-10-19 00:00:00+00:00,357.9485168,368.5,371.8500061,365.5499878,368.9899902,79746900
2022-10-20 00:00:00+00:00,354.9470215,365.4100037,372.6700134,364.6099854,368.0299988,88283100
2022-10-21 00:00:00+00:00,363.5727844,374.2900085,374.7999878,363.5400085,365.1199951,131038400
2022-10-24 00:00:00+00:00,368.0216064,378.8699951,380.0599976,373.1099854,375.8900146,85436900
2022-10-25 00:00:00+00:00,373.8983765,384.9200134,385.25,378.6700134,378.7900085,78846300
2022-10-26 00:00:00+00:00,371.0814209,382.019989,387.5799866,381.3500061,381.6199951,104087300
2022-10-27 00:00:00+00:00,369.099823,379.980011,385,379.3299866,383.0700073,81971800
2022-10-28 00:00:00+00:00,377.8809814,389.019989,389.519989,379.6799927,379.8699951,100302000
2022-10-31 00:00:00+00:00,375.1514282,386.2099915,388.3999939,385.2600098,386.4400024,96631300
2022-11-01 00:00:00+00:00,373.5098267,384.519989,390.3900146,383.2900085,390.1400146,85407600
2022-11-02 00:00:00+00:00,364.1361084,374.8699951,388.6300049,374.7600098,383.8999939,126990400
2022-11-03 00:00:00+00:00,360.3866577,371.0100098,374.2000122,368.7900085,371.4700012,87100100
2022-11-04 00:00:00+00:00,365.573761,376.3500061,378.8699951,370,377,103505200
2022-11-07 00:00:00+00:00,369.0707092,379.9500122,380.5700073,375.5299988,377.7099915,68286900
2022-11-08 00:00:00+00:00,371.0620117,382,385.1199951,377.7200012,381.1099854,84641100
2022-11-09 00:00:00+00:00,363.4173279,374.1300049,381.1400146,373.6099854,379.9299927,78495500
2022-11-10 00:00:00+00:00,383.3886108,394.6900024,395.0400085,385.6400146,388.0499878,141455800
2022-11-11 00:00:00+00:00,387.0992126,398.5100098,399.3500061,393.6099854,395.5899963,93839900
2022-11-14 00:00:00+00:00,383.8062744,395.1199951,400.1799927,394.8299866,396.6600037,71903500
2022-11-15 00:00:00+00:00,387.0797729,398.4899902,402.3099976,394.4899902,401.1499939,93194500
2022-11-16 00:00:00+00:00,384.1268616,395.4500122,397.7799988,394.7900085,396.7799988,68508500
2022-11-17 00:00:00+00:00,382.9515076,394.2399902,394.9500122,390.1400146,390.4599915,74496300
2022-11-18 00:00:00+00:00,384.6902466,396.0299988,397.8099976,393.0400085,397.7399902,92922500
2022-11-21 00:00:00+00:00,383.2914734,394.5899963,395.8200073,392.6600037,394.6400146,51243200
2022-11-22 00:00:00+00:00,388.4494324,399.8999939,400.0700073,395.1499939,396.6300049,60429000
2022-11-23 00:00:00+00:00,390.8972473,402.4200134,402.9299927,399.3099976,399.5499878,68261600
2022-11-25 00:00:00+00:00,390.809845,402.3299866,402.9100037,401.5400085,401.8299866,30545400
2022-11-28 00:00:00+00:00,384.5736694,395.9100037,400.8099976,395.1099854,399.0899963,67881600
2022-11-29 00:00:00+00:00,383.9131165,395.230011,397.2999878,393.2999878,396.0499878,52310000
2022-11-30 00:00:00+00:00,396.0066528,407.6799927,407.6799927,393.480011,395.4899902,144566700
2022-12-01 00:00:00+00:00,395.7152405,407.3800049,410,404.75,408.769989,76398200
2022-12-02 00:00:00+00:00,395.258667,406.9100037,407.8599854,402.1400146,402.25,85342700
2022-12-05 00:00:00+00:00,388.1483154,399.5899963,404.9299927,398.1700134,403.9500122,77289800
2022-12-06 00:00:00+00:00,382.5532227,393.8299866,399.9899902,391.6400146,399.4200134,77972200
2022-12-07 00:00:00+00:00,381.9024353,393.1600037,395.6400146,391.9700012,392.9400024,65927900
2022-12-08 00:00:00+00:00,384.894165,396.2399902,397.3599854,393.269989,395.1400146,60737900
2022-12-09 00:00:00+00:00,382.0189819,393.2799988,397.6199951,393.1499939,394.9400024,81447700
2022-12-12 00:00:00+00:00,387.5266724,398.9500122,398.9500122,393.4100037,394.1099854,75405800
2022-12-13 00:00:00+00:00,390.4601746,401.9700012,410.4899902,399.0700073,410.2200012,123782500
2022-12-14 00:00:00+00:00,387.9637451,399.3999939,405.5,396.3099976,401.6099854,108111300
2022-12-15 00:00:00+00:00,378.4735107,389.6300049,395.25,387.8900146,394.2999878,117705900
2022-12-16 00:00:00+00:00,374.005188,383.269989,386.5799866,381.0400085,385.1799927,119858000
2022-12-19 00:00:00+00:00,370.8337097,380.019989,383.8200073,378.2799988,383.4700012,79878100
2022-12-20 00:00:00+00:00,371.3411865,380.5400085,382.230011,377.8500061,379.230011,74427200
2022-12-21 00:00:00+00:00,376.8936462,386.230011,387.4100037,382.6900024,383.25,78167400
2022-12-22 00:00:00+00:00,371.5168152,380.7200012,386.2099915,374.769989,383.0499878,100120900
2022-12-23 00:00:00+00:00,373.6539001,382.9100037,383.0599976,378.0299988,379.6499939,59857300
2022-12-27 00:00:00+00:00,372.1804199,381.3999939,383.1499939,379.6499939,382.7900085,51638200
2022-12-28 00:00:00+00:00,367.5549622,376.6600037,383.3900146,376.4200134,381.3299866,70911500
2022-12-29 00:00:00+00:00,374.1710815,383.4400024,384.3500061,379.0799866,379.6300049,66970900
2022-12-30 00:00:00+00:00,373.1854858,382.4299927,382.5799866,378.4299927,380.6400146,84022200
2023-01-03 00:00:00+00:00,371.6144714,380.8200073,386.4299927,377.8299866,384.3699951,74850700
2023-01-04 00:00:00+00:00,374.4833984,383.7600098,385.8800049,380,383.1799927,85934100
2023-01-05 00:00:00+00:00,370.2092285,379.3800049,381.8399963,378.7600098,381.7200012,76970500
2023-01-06 00:00:00+00:00,378.6989441,388.0799866,389.25,379.4100037,382.6099854,104189600
2023-01-09 00:00:00+00:00,378.4842224,387.8599854,393.7000122,387.6700134,390.3699951,73978100
2023-01-10 00:00:00+00:00,381.1384583,390.5799866,390.6499939,386.269989,387.25,65358100
2023-01-11 00:00:00+00:00,385.9590454,395.519989,395.6000061,391.3800049,392.230011,68881100
2023-01-12 00:00:00+00:00,387.3642578,396.9599915,398.4899902,392.4200134,396.6700134,90157700
2023-01-13 00:00:00+00:00,388.8670349,398.5,399.1000061,393.3399963,393.6199951,63903900
2023-01-17 00:00:00+00:00,388.1546631,397.769989,400.230011,397.0599976,398.480011,62677300
2023-01-18 00:00:00+00:00,382.0264587,391.4899902,400.1199951,391.2799988,399.0100098,99632300
2023-01-19 00:00:00+00:00,379.2454224,388.6400146,391.0799866,387.2600098,389.3599854,86958900
2023-01-20 00:00:00+00:00,386.3104248,395.8800049,396.0400085,388.3800049,390.1000061,91806400
2023-01-23 00:00:00+00:00,390.9455566,400.6300049,402.6499939,395.7200012,396.7200012,84178800
2023-01-24 00:00:00+00:00,390.5259399,400.2000122,401.1499939,397.6400146,398.8800049,59524900
2023-01-25 00:00:00+00:00,390.6723022,400.3500061,400.7000122,393.5599976,395.9500122,84800300
2023-01-26 00:00:00+00:00,394.9659424,404.75,404.9200134,400.0299988,403.1300049,72287400
2023-01-27 00:00:00+00:00,395.8734741,405.6799927,408.1600037,403.4400024,403.6600037,68346200
2023-01-30 00:00:00+00:00,390.9064941,400.5899963,405.1300049,400.2799988,402.7999878,74202000
2023-01-31 00:00:00+00:00,396.6541443,406.480011,406.5299988,400.769989,401.1300049,86811800
2023-02-01 00:00:00+00:00,400.8697205,410.7999878,413.6700134,402.3500061,405.2099915,101459200
2023-02-02 00:00:00+00:00,406.7051392,416.7799988,418.3099976,412.8800049,414.8599854,101654500
2023-02-03 00:00:00+00:00,402.3822327,412.3500061,416.9700012,411.0899963,411.5899963,94736800
2023-02-06 00:00:00+00:00,399.9231262,409.8299866,411.2900085,408.1000061,409.7900085,60295300
2023-02-07 00:00:00+00:00,405.1536255,415.1900024,416.4899902,407.5700073,408.8699951,90990700
2023-02-08 00:00:00+00:00,400.7233276,410.6499939,414.5299988,409.9299927,413.1300049,76227500
2023-02-09 00:00:00+00:00,397.2494202,407.0899963,414.5700073,405.8099976,414.4100037,78694900
2023-02-10 00:00:00+00:00,398.1764526,408.0400085,408.4400024,405.0100098,405.8599854,70769700
2023-02-13 00:00:00+00:00,402.8506165,412.8299866,412.9700012,408.2399902,408.7200012,64913500
2023-02-14 00:00:00+00:00,402.6652222,412.6400146,415.0499878,408.5100098,411.2399902,88389300
2023-02-15 00:00:00+00:00,403.9728699,413.980011,414.0599976,409.4700012,410.3500061,61555700
2023-02-16 00:00:00+00:00,398.410614,408.2799988,412.9100037,408.1400146,408.7900085,76431500
2023-02-17 00:00:00+00:00,397.4152832,407.2600098,407.5100098,404.0499878,406.0599976,89257800
2023-02-21 00:00:00+00:00,389.4427795,399.0899963,404.1600037,398.8200073,403.0599976,82655900
2023-02-22 00:00:00+00:00,388.9060669,398.5400085,401.1300049,397.019989,399.519989,83742300
2023-02-23 00:00:00+00:00,390.9747925,400.6600037,402.2000122,396.25,401.5599976,96242400
2023-02-24 00:00:00+00:00,386.7982483,396.3800049,397.25,393.6400146,395.4200134,108194400
2023-02-27 00:00:00+00:00,388.1156311,397.730011,401.2900085,396.75,399.8699951,80444700
2023-02-28 00:00:00+00:00,386.6811829,396.2600098,399.2799988,396.1499939,397.230011,96438600
2023-03-01 00:00:00+00:00,385.1979065,394.7399902,396.6900024,393.3800049,395.4100037,99706800
2023-03-02 00:00:00+00:00,388.1936951,397.8099976,398.6900024,392.3299866,392.6799927,85127800
2023-03-03 00:00:00+00:00,394.4194641,404.1900024,404.4500122,399.0299988,399.7099915,90120000
2023-03-06 00:00:00+00:00,394.692688,404.4700012,407.4500122,404.0100098,405.0499878,72795900
2023-03-07 00:00:00+00:00,388.6425476,398.269989,404.6700134,397.6300049,404.4200134,108310600
2023-03-08 00:00:00+00:00,389.276886,398.9200134,399.7099915,396.5899963,398.3900146,74746600
2023-03-09 00:00:00+00:00,382.0947571,391.5599976,401.480011,390.5299988,399.7399902,111945300
2023-03-10 00:00:00+00:00,376.5813599,385.9100037,393.1600037,384.3200073,390.9899902,189253000
2023-03-13 00:00:00+00:00,376.0446472,385.3599854,390.3900146,380.6499939,381.8099976,157790000
2023-03-14 00:00:00+00:00,382.2607117,391.730011,393.4500122,387.0499878,390.5,149752400
2023-03-15 00:00:00+00:00,379.8699341,389.2799988,389.4899902,383.7099915,385.8900146,172996900
2023-03-16 00:00:00+00:00,386.5347595,396.1099854,396.4700012,386.2900085,386.8200073,143254200
2023-03-17 00:00:00+00:00,382.0151367,389.9899902,394.3999939,388.5499878,393.2200012,140553400
2023-03-20 00:00:00+00:00,385.6884766,393.7399902,394.1700134,390.0700073,390.7999878,93055800
2023-03-21 00:00:00+00:00,390.7527771,398.9100037,399.4100037,395.5799866,397.2399902,91524200
2023-03-22 00:00:00+00:00,384.0918274,392.1099854,402.4899902,392.0700073,398.730011,111746600
2023-03-23 00:00:00+00:00,385.130127,393.1700134,399.2900085,390.3500061,395.0899963,119351300
2023-03-24 00:00:00+00:00,387.6573486,395.75,395.8399963,389.3999939,391.8399963,107682400
2023-03-27 00:00:00+00:00,388.3822327,396.4899902,398.9200134,395.5599976,398.1199951,74010400
2023-03-28 00:00:00+00:00,387.510437,395.6000061,396.4899902,393.6900024,395.769989,62871700
2023-03-29 00:00:00+00:00,393.1428528,401.3500061,401.6000061,398.6799927,399.9299927,77497900
2023-03-30 00:00:00+00:00,395.4447937,403.7000122,404.3500061,401.7600098,404.0899963,69840000
2023-03-31 00:00:00+00:00,401.0184631,409.3900146,409.7000122,404.5499878,404.6600037,112062600
2023-04-03 00:00:00+00:00,402.5466003,410.9500122,411.3699951,408.4400024,408.8500061,67391100
2023-04-04 00:00:00+00:00,400.3132019,408.6700134,411.9200134,407.2399902,411.6199951,66601500
2023-04-05 00:00:00+00:00,399.2650452,407.6000061,408.7000122,405.8800049,407.9100037,65200200
2023-04-06 00:00:00+00:00,400.8225403,409.1900024,409.480011,405.6799927,406.769989,63743300
2023-04-10 00:00:00+00:00,401.2339172,409.6099854,409.6900024,405.9700012,406.6099854,63681000
2023-04-11 00:00:00+00:00,401.3417358,409.7200012,411.1799927,408.9200134,410.2600098,59297900
2023-04-12 00:00:00+00:00,399.7058411,408.0499878,412.1700134,407.4400024,411.8699951,86420400
2023-04-13 00:00:00+00:00,405.0150146,413.4700012,413.8399963,407.9899902,409.1799927,85814800
2023-04-14 00:00:00+00:00,404.0256653,412.4599915,415.0899963,410.0599976,412.8099976,78161500
2023-04-17 00:00:00+00:00,405.4754333,413.9400024,413.9599915,411.0899963,412.3699951,66436400
2023-04-18 00:00:00+00:00,405.7398987,414.2099915,415.7200012,412.7799988,415.5799866,63560000
2023-04-19 00:00:00+00:00,405.6713867,414.1400146,415.0799866,412.1600037,412.2200012,55227300
2023-04-20 00:00:00+00:00,403.4575195,411.8800049,413.7000122,410.269989,411.2099915,75840400
2023-04-21 00:00:00+00:00,403.7709961,412.2000122,412.6799927,410.1700134,412.1900024,73457400
2023-04-24 00:00:00+00:00,404.1921997,412.6300049,413.0700073,410.6000061,411.9899902,64332100
2023-04-25 00:00:00+00:00,397.7761536,406.0799866,411.1600037,406.019989,410.5799866,97766700
2023-04-26 00:00:00+00:00,396.0912781,404.3599854,407.8399963,403.7799988,406.7200012,80447000
2023-04-27 00:00:00+00:00,403.9766846,412.4100037,412.6900024,406.7399902,407,92968400
2023-04-28 00:00:00+00:00,407.4247131,415.9299927,415.9400024,411.4299927,411.4899902,89335600
2023-05-01 00:00:00+00:00,407.0133057,415.5100098,417.6199951,415.269989,415.4700012,62122300
2023-05-02 00:00:00+00:00,402.4387817,410.8399963,414.8200073,407.8200073,414.769989,103998500
2023-05-03 00:00:00+00:00,399.6764221,408.019989,413.8699951,407.769989,411.3599854,91531800
2023-05-04 00:00:00+00:00,396.8455811,405.1300049,407.269989,403.7399902,406.9299927,94901900
2023-05-05 00:00:00+00:00,404.1921997,412.6300049,413.7200012,408.6400146,408.9100037,87844000
2023-05-08 00:00:00+00:00,404.2999268,412.7399902,413.2399902,411.2799988,412.9700012,50046800
2023-05-09 00:00:00+00:00,402.5269775,410.9299927,412.0899963,410.6900024,411.1300049,49220100
2023-05-10 00:00:00+00:00,404.4077148,412.8500061,414.5400085,408.8699951,413.8800049,96142900
2023-05-11 00:00:00+00:00,403.7024231,412.1300049,412.4299927,409.9700012,411.9500122,70157100
2023-05-12 00:00:00+00:00,403.1734924,411.5899963,413.6400146,409.0700073,413.4200134,70439400
2023-05-15 00:00:00+00:00,404.5644531,413.0100098,413.4299927,410.230011,412.2200012,54289400
2023-05-16 00:00:00+00:00,401.8608704,410.25,412.8200073,410.2399902,411.8599854,57705500
2023-05-17 00:00:00+00:00,406.7390442,415.230011,415.8599854,410.6400146,412.3500061,87287000
2023-05-18 00:00:00+00:00,410.6572266,419.230011,419.6700134,414.6700134,414.8999939,97177200
2023-05-19 00:00:00+00:00,410.0597229,418.6199951,420.7200012,417.3500061,420.1700134,103679700
2023-05-22 00:00:00+00:00,410.2262573,418.7900085,420.3900146,417.3500061,418.6400146,60745400
2023-05-23 00:00:00+00:00,405.622345,414.0899963,418.7200012,413.6799927,417.0799866,86383500
2023-05-24 00:00:00+00:00,402.6837158,411.0899963,412.8200073,409.8800049,412.4200134,89213700
2023-05-25 00:00:00+00:00,406.1708679,414.6499939,416.1600037,412.4100037,414.7399902,90961600
2023-05-26 00:00:00+00:00,411.4311218,420.019989,420.769989,415.25,415.3299866,93830000
2023-05-30 00:00:00+00:00,411.5877991,420.1799927,422.5799866,418.7399902,422.0299988,72216000
2023-05-31 00:00:00+00:00,409.3054504,417.8500061,419.2200012,416.2200012,418.2799988,110811800
2023-06-01 00:00:00+00:00,413.1942749,421.8200073,422.9200134,416.7900085,418.0899963,88865000
2023-06-02 00:00:00+00:00,419.1695557,427.9200134,428.7399902,423.9500122,424.5,91366700
2023-06-05 00:00:00+00:00,418.3663635,427.1000061,429.6199951,426.3699951,428.2799988,65460200
2023-06-06 00:00:00+00:00,419.2773132,428.0299988,428.5799866,425.9899902,426.6700134,64022200
2023-06-07 00:00:00+00:00,417.8275452,426.5499878,429.6199951,426.1099854,428.4400024,85373300
2023-06-08 00:00:00+00:00,420.3548279,429.1300049,429.6000061,425.8200073,426.6199951,61952800
2023-06-09 00:00:00+00:00,421.1090698,429.8999939,431.9899902,428.8699951,429.9599915,85742800
2023-06-12 00:00:00+00:00,424.9293213,433.7999878,433.8800049,430.1700134,430.9200134,76104300
2023-06-13 00:00:00+00:00,427.730835,436.6600037,437.3299866,434.6300049,435.3200073,95899700
2023-06-14 00:00:00+00:00,428.2401733,437.1799927,439.0599976,433.5899963,437.0100098,100612100
2023-06-15 00:00:00+00:00,433.5493774,442.6000061,443.8999939,436.230011,436.3299866,110303100
2023-06-16 00:00:00+00:00,432.0725708,439.4599915,443.6099854,438.9700012,443.019989,114121300
2023-06-20 00:00:00+00:00,429.8309021,437.1799927,438.3699951,435.0299988,437.4500122,76160400
2023-06-21 00:00:00+00:00,427.6285706,434.9400024,436.9899902,434.3299866,436.1600037,76982300
2023-06-22 00:00:00+00:00,429.1722412,436.5100098,436.6199951,433.6000061,433.9500122,70637200
2023-06-23 00:00:00+00:00,425.9276428,433.2099915,435.0599976,432.4700012,432.9299927,92074500
2023-06-26 00:00:00+00:00,424.187439,431.4400024,434.6099854,431.1900024,432.6199951,72823600
2023-06-27 00:00:00+00:00,428.8379211,436.1700134,436.8099976,431.8800049,432.3500061,72813700
2023-06-28 00:00:00+00:00,429.0542297,436.3900146,437.4400024,434.4100037,435.0499878,75636000
2023-06-29 00:00:00+00:00,430.7452698,438.1099854,438.2799988,435.5400085,435.9599915,67882300
2023-06-30 00:00:00+00:00,435.8283997,443.2799988,444.2999878,441.1099854,441.4400024,104921500
2023-07-03 00:00:00+00:00,436.329834,443.7900085,444.0799866,442.6300049,442.9200134,32793400
2023-07-05 00:00:00+00:00,435.6809082,443.1300049,443.8900146,441.8999939,441.9100037,58418400
2023-07-06 00:00:00+00:00,432.2692261,439.6600037,440.1000061,437.0599976,439.4200134,80658300
2023-07-07 00:00:00+00:00,431.177887,438.5499878,442.6400146,438.2999878,438.6300049,86076100
2023-07-10 00:00:00+00:00,432.2692261,439.6600037,439.8399963,437.5899963,438.1799927,62443500
2023-07-11 00:00:00+00:00,435.0221558,442.4599915,442.9700012,439.4400024,440.4500122,64463800
2023-07-12 00:00:00+00:00,438.5223083,446.019989,447.480011,444.9100037,446.3900146,91924500
2023-07-13 00:00:00+00:00,442.0028076,449.5599976,450.3800049,447.4500122,447.8999939,72425200
2023-07-14 00:00:00+00:00,441.7275391,449.2799988,451.3599854,448.4899902,450.480011,69761800
2023-07-17 00:00:00+00:00,443.2612915,450.8399963,451.9299927,449.0799866,449.1300049,52680200
2023-07-18 00:00:00+00:00,446.5549927,454.1900024,454.8599854,450.0499878,450.5,80744400
2023-07-19 00:00:00+00:00,447.5480347,455.2000122,456.4299927,454.1099854,455.0100098,65891700
2023-07-20 00:00:00+00:00,444.5787354,452.1799927,455.1000061,451.4400024,454.1700134,70591600
2023-07-21 00:00:00+00:00,444.5787354,452.1799927,454.1700134,452.1700134,453.9599915,71245400
2023-07-24 00:00:00+00:00,446.5648193,454.2000122,455.0400085,452.2999878,453.3699951,54023400
2023-07-25 00:00:00+00:00,447.7839661,455.4400024,456.7399902,453.8699951,453.9200134,55191200
2023-07-26 00:00:00+00:00,447.8528137,455.5100098,456.9899902,453.3800049,454.4700012,71052900
2023-07-27 00:00:00+00:00,444.8835449,452.4899902,459.4400024,451.5499878,459.019989,92194400
2023-07-28 00:00:00+00:00,449.2391052,456.9200134,457.7799988,452.4899902,455.8800049,80011800
2023-07-31 00:00:00+00:00,450.0944824,457.7900085,458.1600037,456.0499878,457.4100037,62040400
2023-08-01 00:00:00+00:00,448.806488,456.480011,457.25,455.4899902,456.269989,55291500
2023-08-02 00:00:00+00:00,442.5632629,450.1300049,453.519989,449.3500061,453.25,93933400
2023-08-03 00:00:00+00:00,441.2948914,448.8399963,450.7900085,447.3699951,448.0400085,64276100
2023-08-04 00:00:00+00:00,439.2990417,446.8099976,452.8999939,446.269989,450.7200012,100052300
2023-08-07 00:00:00+00:00,443.1334839,450.7099915,450.8699951,447.9899902,448.7099915,58357500
2023-08-08 00:00:00+00:00,441.2064514,448.75,450.7000122,445.269989,448.0799866,71361300
2023-08-09 00:00:00+00:00,438.2568359,445.75,449.2000122,444.9599915,449.0299988,78789600
2023-08-10 00:00:00+00:00,438.4141846,445.9100037,451.7000122,444.7000122,448.1900024,93005500
2023-08-11 00:00:00+00:00,438.1585083,445.6499939,446.7000122,443.3500061,443.9700012,68664600
2023-08-14 00:00:00+00:00,440.5771484,448.1099854,448.1099854,444.3800049,444.7000122,47867400
2023-08-15 00:00:00+00:00,435.4449768,442.8900146,446.6400146,442.2999878,446.269989,75707500
2023-08-16 00:00:00+00:00,432.2496033,439.6400146,444.1799927,439.5299988,442.4599915,80107200
2023-08-17 00:00:00+00:00,428.9559021,436.2900085,441.4299927,435.75,441.1600037,95711300
2023-08-18 00:00:00+00:00,429.162384,436.5,437.5700073,433.0100098,433.3699951,98758400
2023-08-21 00:00:00+00:00,431.9546204,439.3399963,440.1099854,435.3200073,437.5499878,68719000
2023-08-22 00:00:00+00:00,430.7846375,438.1499939,441.1799927,437.5700073,441.1799927,65062900
2023-08-23 00:00:00+00:00,435.5825806,443.0299988,443.6700134,439.1000061,439.25,68441000
2023-08-24 00:00:00+00:00,429.5458069,436.8900146,445.2200012,436.8599854,444.6900024,88517300
2023-08-25 00:00:00+00:00,432.5740356,439.9700012,441.2999878,435,438.6799927,102325100
2023-08-28 00:00:00+00:00,435.3171387,442.7600098,443.3999939,439.9700012,442.2399902,61595400
2023-08-29 00:00:00+00:00,441.6095581,449.1600037,449.4500122,442.4599915,442.6499939,83081900
2023-08-30 00:00:00+00:00,443.4284363,451.0100098,451.6700134,448.7799988,449.5100098,69053900
2023-08-31 00:00:00+00:00,442.779541,450.3500061,452.8299866,450.1600037,451.6499939,66084600
2023-09-01 00:00:00+00:00,443.6054077,451.1900024,453.6700134,449.6799927,453.1700134,58875700
2023-09-05 00:00:00+00:00,441.6882019,449.2399902,451.0599976,449.1700134,450.730011,55166200
2023-09-06 00:00:00+00:00,438.7189636,446.2200012,448.5100098,443.8099976,448.3999939,70758500
2023-09-07 00:00:00+00:00,437.3719788,444.8500061,445.5499878,442.75,443.1099854,70355400
2023-09-08 00:00:00+00:00,438.0307007,445.519989,447.1099854,444.5299988,444.8999939,61659700
2023-09-11 00:00:00+00:00,440.911499,448.4500122,448.769989,446.4700012,448.2399902,60180100
2023-09-12 00:00:00+00:00,438.4927979,445.9899902,448.5299988,445.3900146,446.9500122,67565400
2023-09-13 00:00:00+00:00,439.0041199,446.5100098,447.7099915,445.0799866,446.2200012,60199300
2023-09-14 00:00:00+00:00,442.7893677,450.3599854,451.0799866,447.7200012,449.0700073,83430800
2023-09-15 00:00:00+00:00,437.4544983,443.3699951,447.480011,442.9200134,447.1400146,111761400
2023-09-18 00:00:00+00:00,437.7110291,443.6300049,444.9700012,442.5599976,443.0499878,55752200
2023-09-19 00:00:00+00:00,436.8033142,442.7099915,443.2900085,439.9400024,442.6799927,66514600
2023-09-20 00:00:00+00:00,432.7876282,438.6400146,444.4400024,438.4299927,444.0100098,82562600
2023-09-21 00:00:00+00:00,425.6343384,431.3900146,435.9700012,431.230011,435.7000122,103976100
2023-09-22 00:00:00+00:00,424.6772766,430.4200134,434.1000061,429.9899902,432.4500122,100829700
2023-09-25 00:00:00+00:00,426.4631348,432.230011,432.269989,428.7200012,429.1700134,70874500
2023-09-26 00:00:00+00:00,420.1978455,425.8800049,429.8200073,425.019989,429.0899963,96168400
2023-09-27 00:00:00+00:00,420.3656006,426.0499878,427.6700134,422.2900085,427.0899963,104705800
2023-09-28 00:00:00+00:00,422.8026428,428.519989,430.25,424.8699951,425.480011,92258300
2023-09-29 00:00:00+00:00,421.7765503,427.480011,431.8500061,425.9100037,431.6700134,115078500
2023-10-02 00:00:00+00:00,421.6087952,427.3099976,428.6000061,424.4599915,426.6199951,83798600
2023-10-03 00:00:00+00:00,415.9650879,421.5899963,427.3699951,420.1799927,425.0599976,103760600
2023-10-04 00:00:00+00:00,418.9941711,424.6600037,425.4299927,420.5599976,422.0700073,87453000
2023-10-05 00:00:00+00:00,418.8362732,424.5,425.3699951,421.1700134,424.3599854,70142700
2023-10-06 00:00:00+00:00,423.809021,429.5400085,431.1300049,420.6000061,421.9700012,113202700
2023-10-09 00:00:00+00:00,426.5223389,432.2900085,432.8800049,427.0100098,427.5799866,80374400
2023-10-10 00:00:00+00:00,428.7423096,434.5400085,437.2200012,432.5299988,432.9400024,78607300
2023-10-11 00:00:00+00:00,430.4985657,436.3200073,436.5799866,433.1799927,435.6400146,62451700
2023-10-12 00:00:00+00:00,427.874054,433.6600037,437.3399963,431.230011,436.9500122,81154200
2023-10-13 00:00:00+00:00,425.7428589,431.5,436.4500122,429.8800049,435.2099915,95143100
2023-10-16 00:00:00+00:00,430.22229,436.0400085,437.1400146,433.5700073,433.8200073,75433200
2023-10-17 00:00:00+00:00,430.2025757,436.019989,438.1400146,432.4500122,432.8099976,75324700
2023-10-18 00:00:00+00:00,424.4700623,430.2099915,435.1799927,429.0899963,434.1900024,93559800
2023-10-19 00:00:00+00:00,420.740509,426.4299927,432.8200073,425.730011,430.9500122,121323000
2023-10-20 00:00:00+00:00,415.5704346,421.1900024,426.5400085,421.0799866,425.980011,123845800
2023-10-23 00:00:00+00:00,414.8501282,420.4599915,424.4500122,417.7999878,419.6099854,92035100
2023-10-24 00:00:00+00:00,417.9779053,423.6300049,424.8200073,420.7399902,422.6499939,78564200
2023-10-25 00:00:00+00:00,411.9789734,417.5499878,421.9200134,417.019989,421.8900146,94223200
2023-10-26 00:00:00+00:00,407.0456848,412.5499878,417.3299866,411.6000061,416.4500122,115156800
2023-10-27 00:00:00+00:00,405.2006531,410.6799927,414.6000061,409.2099915,414.1900024,107367700
2023-10-30 00:00:00+00:00,410.045166,415.5899963,416.6799927,412.2200012,413.5599976,86562700
2023-10-31 00:00:00+00:00,412.6203308,418.2000122,418.5299988,414.2099915,416.1799927,79665200
2023-11-01 00:00:00+00:00,417.020813,422.6600037,423.5,418.6499939,419.2000122,98068100
2023-11-02 00:00:00+00:00,425.0127869,430.7600098,430.9200134,426.5599976,426.5799866,94938900
2023-11-03 00:00:00+00:00,428.8903503,434.6900024,436.2900085,433.0100098,433.1400146,100110800
2023-11-06 00:00:00+00:00,429.8769836,435.6900024,436.1499939,433.6799927,435.4700012,67831700
2023-11-07 00:00:00+00:00,431.1004028,436.9299927,437.5899963,434.5100098,435.6900024,64256100
2023-11-08 00:00:00+00:00,431.4161682,437.25,438.0899963,434.8699951,437.5499878,61746000
2023-11-09 00:00:00+00:00,428.0516663,433.8399963,438.4700012,433.3999939,438.4299927,83174400
2023-11-10 00:00:00+00:00,434.7312927,440.6099854,440.9299927,433.8299866,435.980011,89462200
2023-11-13 00:00:00+00:00,434.316925,440.1900024,441.3299866,438.4200134,439.230011,52236100
2023-11-14 00:00:00+00:00,442.743042,448.730011,450.0599976,446.0899963,446.3200073,97176900
2023-11-15 00:00:00+00:00,443.6802979,449.6799927,451.3800049,448.7999878,450.1099854,77327600
2023-11-16 00:00:00+00:00,444.2229919,450.230011,450.5599976,448.1199951,449.2200012,66665800
2023-11-17 00:00:00+00:00,444.7754822,450.7900085,451.4200134,449.2900085,450.2399902,83133200
2023-11-20 00:00:00+00:00,448.1992188,454.2600098,455.1300049,450.519989,450.5299988,69936200
2023-11-21 00:00:00+00:00,447.2224121,453.269989,454.1300049,451.9599915,453.1799927,49244600
2023-11-22 00:00:00+00:00,448.9490967,455.019989,456.3800049,453.8900146,454.980011,59394900
2023-11-24 00:00:00+00:00,449.2252808,455.2999878,455.5,454.730011,455.0700073,29737400
2023-11-27 00:00:00+00:00,448.4162598,454.480011,455.4899902,454.0799866,454.6499939,50506000
2023-11-28 00:00:00+00:00,448.86026,454.9299927,456.269989,453.5,454.0799866,62115000
2023-11-29 00:00:00+00:00,448.5445251,454.6099854,458.3200073,454.2000122,457.1499939,63146000
2023-11-30 00:00:00+00:00,450.3106384,456.3999939,456.7600098,453.3399963,455.480011,79752700
2023-12-01 00:00:00+00:00,452.9746399,459.1000061,459.6499939,455.1600037,455.769989,89097900
2023-12-04 00:00:00+00:00,450.5968018,456.6900024,459.1199951,454.3399963,455.6000061,72430900
2023-12-05 00:00:00+00:00,450.5079651,456.6000061,457.5899963,454.8699951,455.2600098,69793500
2023-12-06 00:00:00+00:00,448.6925659,454.7600098,458.8399963,454.3099976,458.8099976,69124700
2023-12-07 00:00:00+00:00,452.1162415,458.230011,458.8999939,456.2900085,456.9100037,66995400
2023-12-08 00:00:00+00:00,454.059967,460.2000122,460.75,457.2099915,457.4599915,83080900
2023-12-11 00:00:00+00:00,455.8260498,461.9899902,462.1700134,459.4700012,459.6900024,65002200
2023-12-12 00:00:00+00:00,457.9079285,464.1000061,464.2000122,460.6000061,461.6300049,68327600
2023-12-13 00:00:00+00:00,464.2225342,470.5,470.7600098,464.1199951,464.4899902,93278000
2023-12-14 00:00:00+00:00,465.7123718,472.0100098,473.730011,469.25,472.5,119026000
2023-12-15 00:00:00+00:00,464.9455872,469.3299866,470.7000122,467.4299927,469.4899902,141319300
2023-12-18 00:00:00+00:00,467.5609436,471.9700012,472.980011,469.8900146,470.980011,70375300
2023-12-19 00:00:00+00:00,470.4041443,474.8399963,474.9200134,472.4500122,472.5299988,55761800
2023-12-20 00:00:00+00:00,463.8856201,468.2600098,475.8999939,467.8200073,473.9599915,102921000
2023-12-21 00:00:00+00:00,468.2841187,472.7000122,472.980011,468.8399963,471.3299866,86667500
2023-12-22 00:00:00+00:00,469.2252502,473.6499939,475.3800049,471.7000122,473.8599854,67126600
2023-12-26 00:00:00+00:00,471.2065735,475.6499939,476.5799866,473.9899902,474.0700073,55387000
2023-12-27 00:00:00+00:00,472.0585327,476.5100098,476.6600037,474.8900146,475.4400024,68000300
2023-12-28 00:00:00+00:00,472.2368469,476.6900024,477.5499878,476.2600098,476.8800049,77158100
2023-12-29 00:00:00+00:00,470.869751,475.3099976,477.0299988,473.2999878,476.4899902,122234100
